Category Name,CategoryID,Product Name,ProductID,Product Image Url,allImageUrls(5<),Product Url,originalPrice($),salePrice($),Commission Rate,Out of Stock Date,Discount,Click url
Coats & Jackets,200000796,Female Cute Coat Claw Patterns Long Sleeve Hooded Jacket with Pockets for Fall Winter White/Black M/L/XL/XXL,1005003170228669,https://ae01.alicdn.com/kf/Ha2cb0c6fb68944f6a9492e50955c63b0A/Female-Cute-Coat-Claw-Patterns-Long-Sleeve-Hooded-Jacket-with-Pockets-for-Fall-Winter-White-Black.jpg_220x220.jpg,"https://ae04.alicdn.com/kf/Ha2cb0c6fb68944f6a9492e50955c63b0A.jpg,https://ae04.alicdn.com/kf/H829476427bc0410e91730eeefdec1f00c.jpg,https://ae04.alicdn.com/kf/H0d42a3abac7943908b35efdbfdd5cfdfM.jpg,https://ae04.alicdn.com/kf/H170d0a81214142e9991e9bf9b8b73816i.jpg,https://ae04.alicdn.com/kf/H40e39f66048b421bb6015fc89779f021f.jpg,",https://www.aliexpress.com/item/1005003170228669.html,30.59,21.41,10.00%,,30%,https://s.click.aliexpress.com/e/_9ADhtz
Coats & Jackets,200000796,Women Polyester Autumn Casual Button-down Shirt Adults Color Block Long Sleeve Lapel Plaid Outerwear with Pockets,1005003221159670,https://ae01.alicdn.com/kf/H012723a7e7d64705b4399cfdc2aa9204X/Women-Polyester-Autumn-Casual-Button-down-Shirt-Adults-Color-Block-Long-Sleeve-Lapel-Plaid-Outerwear-with.jpg_220x220.jpg,"https://ae04.alicdn.com/kf/H012723a7e7d64705b4399cfdc2aa9204X.jpg,https://ae04.alicdn.com/kf/Hea4b952fd72a4d29938dcd4dff296d183.jpg,https://ae04.alicdn.com/kf/H931414ebaef9442ebf5d787f5c494bf4k.jpg,https://ae04.alicdn.com/kf/H1dc3e71bc0cb4201940a27c95d9b7f212.jpg,https://ae04.alicdn.com/kf/H3ac79a5e6e24458089594ba2dec70597P.jpg,",https://www.aliexpress.com/item/1005003221159670.html,23.89,16.72,10.00%,,30%,https://s.click.aliexpress.com/e/_9wQReB
Coats & Jackets,200000796,New Winter Best-selling Women's Down Jacket Fashion Printing White Duck Down Warm Jacket Women Outdoor Leisure Mid-length Jacket,1005001581586122,https://ae01.alicdn.com/kf/H8dd9fd21357f4bbc8d6f529bfe64446fF/New-Winter-Best-selling-Women-s-Down-Jacket-Fashion-Printing-White-Duck-Down-Warm-Jacket-Women.jpg_220x220.jpg,"https://ae04.alicdn.com/kf/H8dd9fd21357f4bbc8d6f529bfe64446fF.jpg,https://ae04.alicdn.com/kf/H31cb4c906d52445584a647d5bf74edb4x.jpg,https://ae04.alicdn.com/kf/H9f203439d81e4f5c9175f499993715f1Z.jpg,https://ae04.alicdn.com/kf/He005cd19fdef4b2f84102f7a96c46bcez.jpg,https://ae04.alicdn.com/kf/H7cf6c6f9ed9948c391767738efff1e411.jpg,",https://www.aliexpress.com/item/1005001581586122.html,209.35,148.64,9.00%,,29%,https://s.click.aliexpress.com/e/_AVWSPN
Coats & Jackets,200000796,Women Sleeveless Denim Jacket Adults Button-down Solid Color Turn-down Collar Frayed Raw Trim Vest with Pocket,1005003180727706,https://ae01.alicdn.com/kf/H68cc8b6c59be47d1ba7ffd6c3f5642c97/Women-Sleeveless-Denim-Jacket-Adults-Button-down-Solid-Color-Turn-down-Collar-Frayed-Raw-Trim-Vest.jpg_220x220.jpg,"https://ae04.alicdn.com/kf/H68cc8b6c59be47d1ba7ffd6c3f5642c97.jpg,https://ae04.alicdn.com/kf/H6bde28bbe96b4d38837559ddb87804b7p.jpg,https://ae04.alicdn.com/kf/Hfcd057ba304048f685c172dfb1a65224j.jpg,https://ae04.alicdn.com/kf/H4d04aecc004e40658c21c96eb05edbbeh.jpg,https://ae04.alicdn.com/kf/Ha9a1a748bc40413eaf835001d38a3f02U.jpg,",https://www.aliexpress.com/item/1005003180727706.html,33.05,23.13,10.00%,,30%,https://s.click.aliexpress.com/e/_AbgVZ5
Coats & Jackets,200000796,Womens Autumn Casual Loose Denim Jacket Long Sleeve Color Block Polyester Patchwork Button Down Jean Jacket,1005002994750400,https://ae01.alicdn.com/kf/H486c69d5575f4d678dc2f211b53d7f96E/Womens-Autumn-Casual-Loose-Denim-Jacket-Long-Sleeve-Color-Block-Polyester-Patchwork-Button-Down-Jean-Jacket.jpg_220x220.jpg,"https://ae04.alicdn.com/kf/H486c69d5575f4d678dc2f211b53d7f96E.jpg,https://ae04.alicdn.com/kf/H822a6d2a1a294779a2c4abb40ad3d1abI.jpg,https://ae04.alicdn.com/kf/H90aa3379babb475284681885d9386dcc2.jpg,https://ae04.alicdn.com/kf/Habcc395f6dcd47c1b19636a9649310eaR.jpg,https://ae04.alicdn.com/kf/H5c32ed3b7e3340d6942ddcf9ff410ce5K.jpg,",https://www.aliexpress.com/item/1005002994750400.html,35.05,22.78,9.00%,,35%,https://s.click.aliexpress.com/e/_Ap3ghh
Coats & Jackets,200000796,"New Best-selling Winter Women's Down Jacket, Woolen Sleeves, White Duck Down Warm Hooded Jacket, Women's Outdoor Casual Jacket",1005001571540393,https://ae01.alicdn.com/kf/H166b78c6251c455a9d96301328339b52q/New-Best-selling-Winter-Women-s-Down-Jacket-Woolen-Sleeves-White-Duck-Down-Warm-Hooded-Jacket.jpg_220x220.jpg,"https://ae04.alicdn.com/kf/H166b78c6251c455a9d96301328339b52q.jpg,https://ae04.alicdn.com/kf/Ha269b416fd9d4b4d9c47c1a1b9ace690M.jpg,https://ae04.alicdn.com/kf/H490da57439e04da3a7d7c6b35e4418d3u.jpg,https://ae04.alicdn.com/kf/H3ed80a4ca21f428d85d422e156a6a13eQ.jpg,https://ae04.alicdn.com/kf/H09b176c150ec4169a7a23aba0c347aeam.jpg,",https://www.aliexpress.com/item/1005001571540393.html,77.46,55.00,9.00%,,29%,https://s.click.aliexpress.com/e/_9x6ySL
Coats & Jackets,200000796,New Winter Best-selling Women's Down Jacket Fashion Loose Fox Fur Collar Warm Jacket Outdoor Sports and Leisure Short Jacket,1005001586588887,https://ae01.alicdn.com/kf/Hffdb0104966d4e2ea7d6832fb9e595e0e/New-Winter-Best-selling-Women-s-Down-Jacket-Fashion-Loose-Fox-Fur-Collar-Warm-Jacket-Outdoor.jpg_220x220.jpg,"https://ae04.alicdn.com/kf/Hffdb0104966d4e2ea7d6832fb9e595e0e.jpg,https://ae04.alicdn.com/kf/H0be3482d31894ce481c509bd2376fb7dy.jpg,https://ae04.alicdn.com/kf/Hb53ddd18c10746aa99eba8f1418186c7k.jpg,https://ae04.alicdn.com/kf/He282663103b64764b8b0838cd60e5516d.jpg,https://ae04.alicdn.com/kf/H8a71fe597ef347abad6349be470cb2bdp.jpg,",https://www.aliexpress.com/item/1005001586588887.html,66.60,47.29,9.00%,,29%,https://s.click.aliexpress.com/e/_AFmD6J
Coats & Jackets,200000796,New Winter Best-selling Women's Down Jacket Fashion Loose Knit Hooded Warm Jacket Outdoor Sports Leisure Short Women's Jacket,1005001586707402,https://ae01.alicdn.com/kf/Hce8b3daca9fb426d8d5ea9001efdf02cW/New-Winter-Best-selling-Women-s-Down-Jacket-Fashion-Loose-Knit-Hooded-Warm-Jacket-Outdoor-Sports.jpg_220x220.jpg,"https://ae04.alicdn.com/kf/Hce8b3daca9fb426d8d5ea9001efdf02cW.jpg,https://ae04.alicdn.com/kf/Hff839ce5a1ce4d2a9ffc0bd7f80f4635x.jpg,https://ae04.alicdn.com/kf/Hf26ec7c1f18140488ad243f35a9084fdx.jpg,https://ae04.alicdn.com/kf/Hd3b3f240fba34300902c6c2b9447544cc.jpg,https://ae04.alicdn.com/kf/H0e08a386dc864717bbdc8faedad3bfcaM.jpg,",https://www.aliexpress.com/item/1005001586707402.html,86.15,61.17,9.00%,,29%,https://s.click.aliexpress.com/e/_A8sDc7
Coats & Jackets,200000796,New Winter Best-selling Women's Down Jacket Fashion A-line Cloak Cold-proof Warm Jacket Women Outdoor Leisure Mid-length Jacket,1005001581450642,https://ae01.alicdn.com/kf/H614516f00653494c82a6903415f4e6fd8/New-Winter-Best-selling-Women-s-Down-Jacket-Fashion-A-line-Cloak-Cold-proof-Warm-Jacket.jpg_220x220.jpg,"https://ae04.alicdn.com/kf/H614516f00653494c82a6903415f4e6fd8.jpg,https://ae04.alicdn.com/kf/H6c9465d604954581a9625a0b489b759as.jpg,https://ae04.alicdn.com/kf/Hc76cf251a02f4bcbbb8d21a6c92155cej.jpg,https://ae04.alicdn.com/kf/H1661d26098d1489ab4b35892519f214ba.jpg,https://ae04.alicdn.com/kf/H69cde4d62a784f80a15f8298c431aa92p.jpg,",https://www.aliexpress.com/item/1005001581450642.html,223.35,158.58,9.00%,,29%,https://s.click.aliexpress.com/e/_AESkmT
Coats & Jackets,200000796,New Best-selling Winter Women's Down Jacket Fashion Printing White Duck Down Warm Jacket Women's Outdoor Casual Thin Jacket,1005001571514491,https://ae01.alicdn.com/kf/Had22c2b82ff14da6afc773bbc7392268B/New-Best-selling-Winter-Women-s-Down-Jacket-Fashion-Printing-White-Duck-Down-Warm-Jacket-Women.jpg_220x220.jpg,"https://ae04.alicdn.com/kf/Had22c2b82ff14da6afc773bbc7392268B.jpg,https://ae04.alicdn.com/kf/H46d6f29a4a7c4547bff470050c429a28C.jpg,https://ae04.alicdn.com/kf/H986f8fc72dcf477f9882fe5be140729d7.jpg,https://ae04.alicdn.com/kf/He1c5608cfed64ff2864bc59315231920V.jpg,https://ae04.alicdn.com/kf/H4ba073f4741540fca4bbef8d80dfe5f7A.jpg,",https://www.aliexpress.com/item/1005001571514491.html,65.20,46.29,9.00%,,29%,https://s.click.aliexpress.com/e/_AOGxwn
Coats & Jackets,200000796,Winter Best-selling Women's Down Jacket Fashion Fox Fur Collar White Duck Down Waist Waist Coat Women Outdoor Leisure Jacket,1005001581510419,https://ae01.alicdn.com/kf/H07ce2686d6794cdca3a393973fa9419aV/Winter-Best-selling-Women-s-Down-Jacket-Fashion-Fox-Fur-Collar-White-Duck-Down-Waist-Waist.jpg_220x220.jpg,"https://ae04.alicdn.com/kf/H07ce2686d6794cdca3a393973fa9419aV.jpg,https://ae04.alicdn.com/kf/H93603fe433da433c8bf3a87bfd786551n.jpg,https://ae04.alicdn.com/kf/He88f8659aa37464b9d8fde36c2e79f28Y.jpg,https://ae04.alicdn.com/kf/H41c05ca1738249128c3309c5067601f4l.jpg,https://ae04.alicdn.com/kf/Hb9f1d5d7cb4843d88de1a8c7caaa5e83u.jpg,",https://www.aliexpress.com/item/1005001581510419.html,115.01,81.66,9.00%,,29%,https://s.click.aliexpress.com/e/_ApzAoB
Coats & Jackets,200000796,New Winter Best-selling Women's Down Jacket Fashion Cold-proof Warm Hooded Jacket Outdoor Leisure All-match Women's Jackett,1005001586523972,https://ae01.alicdn.com/kf/H193807ea7f5141c088cc8dddcfa204faC/New-Winter-Best-selling-Women-s-Down-Jacket-Fashion-Cold-proof-Warm-Hooded-Jacket-Outdoor-Leisure.jpg_220x220.jpg,"https://ae04.alicdn.com/kf/H193807ea7f5141c088cc8dddcfa204faC.jpg,https://ae04.alicdn.com/kf/Hf2002615ccae4edfb7c1e72aa5d13604d.jpg,https://ae04.alicdn.com/kf/H87fdb22d036b46f7bead2b2180b2f280K.jpg,https://ae04.alicdn.com/kf/Hcf5b3acb66764919afc11546e63a1e75k.jpg,https://ae04.alicdn.com/kf/H014a0bf55a44407fb96566dfbd8d9582A.jpg,",https://www.aliexpress.com/item/1005001586523972.html,106.52,75.63,9.00%,,29%,https://s.click.aliexpress.com/e/_AP0vsT
Coats & Jackets,200000796,Women Long Plaid Coats Women Jacket Casual 2022 Spring Woolen Coats Warm Streetwear Female Fashion Clothing Loose Blouse Outwear,1005003718148490,https://ae01.alicdn.com/kf/S142e7b75a88c4d8ca0d7dd035f28e0ec2/Women-Long-Plaid-Coats-Women-Jacket-Casual-2022-Spring-Woolen-Coats-Warm-Streetwear-Female-Fashion-Clothing.jpg_220x220.jpg,"https://ae04.alicdn.com/kf/S142e7b75a88c4d8ca0d7dd035f28e0ec2.jpg,https://ae04.alicdn.com/kf/Sc41c87bd334241c8b8eec3a01923f604a.jpg,https://ae04.alicdn.com/kf/Sa7483d96c3944ed4953935ab580296a5q.jpg,https://ae04.alicdn.com/kf/S65c63cab9c2341fbb49a57f983cf53f88.jpg,https://ae04.alicdn.com/kf/Scb14e0791325436687624be7638531523.jpg,",https://www.aliexpress.com/item/1005003718148490.html,25.44,13.99,14.00%,,45%,https://s.click.aliexpress.com/e/_9Gvrzl
Coats & Jackets,200000796,Ripped Denim Jacket Women's 2022 Spring And Summer New Fashion Trend Washed Slim Long-Sleeved Casual Street Denim Jacket Coat,1005003754330003,https://ae01.alicdn.com/kf/Hceb83e6ed6214353bc5a2b6bb306df90m/Ripped-Denim-Jacket-Women-s-2022-Spring-And-Summer-New-Fashion-Trend-Washed-Slim-Long-Sleeved.jpg_220x220.jpg,"https://ae04.alicdn.com/kf/Hceb83e6ed6214353bc5a2b6bb306df90m.jpg,https://ae04.alicdn.com/kf/H27e4d7f706af40bdad5c073b67fd1793U.jpg,https://ae04.alicdn.com/kf/Hf1150d6d385140cfa910fbaef64dc13dx.jpg,https://ae04.alicdn.com/kf/Hd6f94e90c78245c09a762b3ea91ef66ez.jpg,https://ae04.alicdn.com/kf/H05cc3d117ade4002af037820ce84d6dfs.jpg,",https://www.aliexpress.com/item/1005003754330003.html,43.07,25.41,25.00%,,41%,https://s.click.aliexpress.com/e/_AcMTBZ
Coats & Jackets,200000796,2022 Autumn And Winter Womens Thick Cashmere Long-Sleeve Plaid Shirt Jacket Ladies Loose Casual Plush Plaid Pocket Tops Coat,1005003693417039,https://ae01.alicdn.com/kf/H7691f0a113894c958d3cf41b07437a95H/2022-Autumn-And-Winter-Womens-Thick-Cashmere-Long-Sleeve-Plaid-Shirt-Jacket-Ladies-Loose-Casual-Plush.jpg_220x220.jpg,"https://ae04.alicdn.com/kf/H7691f0a113894c958d3cf41b07437a95H.jpg,https://ae04.alicdn.com/kf/H792cad5728ec48978313d6414d69fb76c.jpg,https://ae04.alicdn.com/kf/Hc2de79f44af44c08a748336f1af666b58.jpg,https://ae04.alicdn.com/kf/H703310cf8a7648fcac42477a63415569f.jpg,https://ae04.alicdn.com/kf/H457c29a9a73548f58fdfdc6c45298b13N.jpg,",https://www.aliexpress.com/item/1005003693417039.html,25.23,14.89,9.00%,,41%,https://s.click.aliexpress.com/e/_AtL2pZ
Coats & Jackets,200000796,【Biutefou】Original Design 2022 Autumn and Winter Women Short Ranch Variegated Woven Loose Vest,1005003404493772,https://ae01.alicdn.com/kf/H493bd84bf56d4b10b1a3beef791f5d82L/-Biutefou-Original-Design-2022-Autumn-and-Winter-Women-Short-Ranch-Variegated-Woven-Loose-Vest.jpg_220x220.jpg,"https://ae04.alicdn.com/kf/H493bd84bf56d4b10b1a3beef791f5d82L.jpg,https://ae04.alicdn.com/kf/Hfb83c9840ed5438ebc5262a5a325caaes.jpg,https://ae04.alicdn.com/kf/Hc02b6fbfb9c04ad7950cb511d1c9c928q.jpg,https://ae04.alicdn.com/kf/Hd76a5014f43e40bb90178bbe1a8ccd9bn.jpg,https://ae04.alicdn.com/kf/H03aa77d8390740a7912a1233f68d1ad4C.jpg,",https://www.aliexpress.com/item/1005003404493772.html,69.00,46.23,13.00%,,33%,https://s.click.aliexpress.com/e/_9AjAI3
Coats & Jackets,200000796,Autumn 2022 Women Geometric Print long sleeve Buttoned Blazer Jacket Office Lady Blazer Elegant Slim Basic Ladies Jackets Tops,1005003744987287,https://ae01.alicdn.com/kf/S6b3906d05e464786b6f12de22e9954009/Autumn-2022-Women-Geometric-Print-long-sleeve-Buttoned-Blazer-Jacket-Office-Lady-Blazer-Elegant-Slim-Basic.jpg_220x220.jpg,"https://ae04.alicdn.com/kf/S6b3906d05e464786b6f12de22e9954009.jpg,https://ae04.alicdn.com/kf/S5c320dd4c8814daaaa2aeffd30801512w.jpg,https://ae04.alicdn.com/kf/Sa5c390a3cbbd44ce8c1030f3ffc3df88b.jpg,https://ae04.alicdn.com/kf/S7998aeb1a29349b0b88b5a11804033cct.jpg,https://ae04.alicdn.com/kf/S64fe319b6b184f928a6a57d1d96d69f74.jpg,",https://www.aliexpress.com/item/1005003744987287.html,21.98,15.39,30.00%,,30%,https://s.click.aliexpress.com/e/_AdC0Tz
Coats & Jackets,200000796,Autumn Winter New Fashion Turn-Down Collar Womens Corduroy Jackets Coat Casual Solid Lantern Sleeve Zipper Lady Short Outerwear,1005003638621954,https://ae01.alicdn.com/kf/H75393e51fc9b403ba234ed433e062aaa2/Autumn-Winter-New-Fashion-Turn-Down-Collar-Womens-Corduroy-Jackets-Coat-Casual-Solid-Lantern-Sleeve-Zipper.jpg_220x220.jpg,"https://ae04.alicdn.com/kf/H75393e51fc9b403ba234ed433e062aaa2.jpg,https://ae04.alicdn.com/kf/H222971a59db34affaafa001f70578d50R.jpg,https://ae04.alicdn.com/kf/H2d93125b7b0348e6ad04af1b6ca945d9D.jpg,https://ae04.alicdn.com/kf/H783395c2c37747a3af2843439308025fV.jpg,https://ae04.alicdn.com/kf/H89582f71ffb5429192da5a6e1f592455i.jpg,",https://www.aliexpress.com/item/1005003638621954.html,21.66,12.78,25.00%,,41%,https://s.click.aliexpress.com/e/_9GnK0J
Coats & Jackets,200000796,Women 2022 Fashion Tye Dye Printed Lapel Blazer Coat Vintage Long Sleeve Flap Pockets Female Outerwear Chic Spring Autumn Jacket,1005003745038363,https://ae01.alicdn.com/kf/Sc169e79f7bf54e5a80f4df16fe313e7ah/Women-2022-Fashion-Tye-Dye-Printed-Lapel-Blazer-Coat-Vintage-Long-Sleeve-Flap-Pockets-Female-Outerwear.jpg_220x220.jpg,"https://ae04.alicdn.com/kf/Sc169e79f7bf54e5a80f4df16fe313e7ah.jpg,https://ae04.alicdn.com/kf/Sd9a26994b737412b873d94a2c24453d5v.jpg,https://ae04.alicdn.com/kf/S1e0929d12a0d43e99d8db592558861efD.jpg,https://ae04.alicdn.com/kf/S6dd2eecfd6a54d46b39892ca9871763ez.jpg,https://ae04.alicdn.com/kf/Sb26a2598ff00436586325944130a6066P.jpg,",https://www.aliexpress.com/item/1005003745038363.html,23.56,16.49,30.00%,,30%,https://s.click.aliexpress.com/e/_AsdrqR
Coats & Jackets,200000796,Women Denim Jackets Long Sleeve Leopard Patchwork Casual Denim Coat Fashion Ruffle Hem Slim Vintage Jean Jacket Female Outerwear,1005003743832515,https://ae01.alicdn.com/kf/H2dbe00d3115b43ada80d20b9008382b1N/Women-Denim-Jackets-Long-Sleeve-Leopard-Patchwork-Casual-Denim-Coat-Fashion-Ruffle-Hem-Slim-Vintage-Jean.jpg_220x220.jpg,"https://ae04.alicdn.com/kf/H2dbe00d3115b43ada80d20b9008382b1N.jpg,https://ae04.alicdn.com/kf/Hace8147260084966a02739b6711e45cfG.jpg,https://ae04.alicdn.com/kf/Hf14ac22c6e814822840ea6dc35ebe64dZ.jpg,https://ae04.alicdn.com/kf/H51faa4544dfd4b398e929a01cfdc3a0fu.jpg,https://ae04.alicdn.com/kf/H4e82f39d1f2a4fb094c8b6bd19fd7839H.jpg,",https://www.aliexpress.com/item/1005003743832515.html,33.63,19.84,25.00%,,41%,https://s.click.aliexpress.com/e/_A9ce0R
Coats & Jackets,200000796,Deenor Women Wool Blends Coat Double Breasted Lined Pocket Slim Woolen Coat Autumn 2021 Fashion Solid Office Ladies Jacket Coats,1005003256695290,https://ae01.alicdn.com/kf/H2e4da35de7e74b5785b88aa15a444be9E/Deenor-Women-Wool-Blends-Coat-Double-Breasted-Lined-Pocket-Slim-Woolen-Coat-Autumn-2021-Fashion-Solid.jpg_220x220.jpg,"https://ae04.alicdn.com/kf/H2e4da35de7e74b5785b88aa15a444be9E.jpg,https://ae04.alicdn.com/kf/Hbfdc7f190dd747ff8df2c5131a71e2670.jpg,https://ae04.alicdn.com/kf/Hcdc596b296b34da885b2f00be6cb80ffm.jpg,https://ae04.alicdn.com/kf/H1d0d423b390c4d51a77d75182b7e4865Y.jpg,https://ae04.alicdn.com/kf/H994d696a175043918667759a37ab37caW.jpg,",https://www.aliexpress.com/item/1005003256695290.html,33.47,20.75,9.00%,,38%,https://s.click.aliexpress.com/e/_9yqvQf
Coats & Jackets,200000796,New winter best-selling women's down jacket fashion loose waist thickening warm jacket women outdoor leisure mid-length jacket,1005001581502456,https://ae01.alicdn.com/kf/Hbe7c0de1c35d435690c653f6391025d0A/New-winter-best-selling-women-s-down-jacket-fashion-loose-waist-thickening-warm-jacket-women-outdoor.jpg_220x220.jpg,"https://ae04.alicdn.com/kf/Hbe7c0de1c35d435690c653f6391025d0A.jpg,https://ae04.alicdn.com/kf/Hb733f5bdab4c486186ec3954315a0431A.jpg,https://ae04.alicdn.com/kf/H0a7db390915b445485deaacb998fb323i.jpg,https://ae04.alicdn.com/kf/H7ba0f3b49e2e4cbfa45b69a87cb0c00aU.jpg,https://ae04.alicdn.com/kf/H6716a3d07acf45c5a0847dd3d4544671q.jpg,",https://www.aliexpress.com/item/1005001581502456.html,209.59,148.81,9.00%,,29%,https://s.click.aliexpress.com/e/_A0kIGJ
Coats & Jackets,200000796,Women Autumn Winter Fashion Casual Plaid Thick Coats Overshirt Female Stylish Pockets Plaid Long Jackets Overisze Outwear,1005003766265601,https://ae01.alicdn.com/kf/S8d4e18d1943f48379f2270854b37a4590/Women-Autumn-Winter-Fashion-Casual-Plaid-Thick-Coats-Overshirt-Female-Stylish-Pockets-Plaid-Long-Jackets-Overisze.jpg_220x220.jpg,"https://ae04.alicdn.com/kf/S8d4e18d1943f48379f2270854b37a4590.jpg,https://ae04.alicdn.com/kf/S7efe233d695946b4971ea4d749c6a841i.jpg,https://ae04.alicdn.com/kf/Sb48b1550fcda4705a5b1a125ff26234f4.jpg,https://ae04.alicdn.com/kf/Sc60fa399ee874ed298837f1ef0578795y.jpg,https://ae04.alicdn.com/kf/Sef3e9766782d4f179acdd27b6f582bfdl.jpg,",https://www.aliexpress.com/item/1005003766265601.html,34.59,31.13,9.00%,,10%,https://s.click.aliexpress.com/e/_A9Abz5
Coats & Jackets,200000796,Winter Best-selling Women's Down Jackets Fashion Fox Fur Collar White Duck Down Slim Tops Women's Outdoor Casual Light Jackets,1005001581490494,https://ae01.alicdn.com/kf/H9196a40eaf354ead96155ed8daba56afn/Winter-Best-selling-Women-s-Down-Jackets-Fashion-Fox-Fur-Collar-White-Duck-Down-Slim-Tops.jpg_220x220.jpg,"https://ae04.alicdn.com/kf/H9196a40eaf354ead96155ed8daba56afn.jpg,https://ae04.alicdn.com/kf/H1ce43a8a41f441efa8320fb6a29b72f5N.jpg,https://ae04.alicdn.com/kf/H025230c909e74eb7ab34b90a9f4c2e3c3.jpg,https://ae04.alicdn.com/kf/Hf11398bc7c864aa59d2870f1ac6ed308I.jpg,https://ae04.alicdn.com/kf/H9c995b333ab2436384321a2731731036p.jpg,",https://www.aliexpress.com/item/1005001581490494.html,289.00,205.19,9.00%,,29%,https://s.click.aliexpress.com/e/_A2Z78L
Coats & Jackets,200000796,Female Coat Solid Color Polyester Turn-Down Collar Long Sleeve Ribbed Greatcoat for Fall Winter Apricot Brown,1005003255549046,https://ae01.alicdn.com/kf/H2054014afbaa406191e96d3574d421cbI/Female-Coat-Solid-Color-Polyester-Turn-Down-Collar-Long-Sleeve-Ribbed-Greatcoat-for-Fall-Winter-Apricot.jpg_220x220.jpg,"https://ae04.alicdn.com/kf/H2054014afbaa406191e96d3574d421cbI.jpg,https://ae04.alicdn.com/kf/H1b6a790d69ef496d8b33359c146792c1f.jpg,https://ae04.alicdn.com/kf/H034e476f788e47fc82a6cd51b5dae882y.jpg,https://ae04.alicdn.com/kf/H18a659bbba17440284fa2a64f5a4268cJ.jpg,https://ae04.alicdn.com/kf/H0668d09b31bc4d959026d22bfb4b26cc4.jpg,",https://www.aliexpress.com/item/1005003255549046.html,32.59,22.81,10.00%,,30%,https://s.click.aliexpress.com/e/_AWyNKB
Coats & Jackets,200000796,Women Cute пальто женское осе Bunny Ear Hoodie Adult пальто женское Fuzzy Fluffy Long Sleeve Sweatshirt with or without Pom Poms,1005003134084464,https://ae01.alicdn.com/kf/Ucded46170e954e6eb12b16d72f7097936/Women-Cute-пальто-женское-осе-Bunny-Ear-Hoodie-Adult-пальто-женское-Fuzzy-Fluffy-Long-Sleeve-Sweatshirt.jpg_220x220.jpg,"https://ae04.alicdn.com/kf/Ucded46170e954e6eb12b16d72f7097936.jpg,https://ae04.alicdn.com/kf/H57f48cb57e6e469c8654bcafbe55d6d5f.jpg,https://ae04.alicdn.com/kf/H67a41d680eaa437fafa9724b885da8939.jpg,https://ae04.alicdn.com/kf/Hf480622694304d43a9d7ee211bcb92862.jpg,https://ae04.alicdn.com/kf/H50b7192800a24224b6bf9afe34848243R.jpg,",https://www.aliexpress.com/item/1005003134084464.html,33.05,23.13,9.00%,,30%,https://s.click.aliexpress.com/e/_Asf4j5
Coats & Jackets,200000796,Womens Autumn Casual Washed Denim Jacket Long Sleeve Button Down Loose Boyfriend Jean Jacket,1005003154525881,https://ae01.alicdn.com/kf/Ha4853fab66a24ba59b9927b27db4c3bdW/Womens-Autumn-Casual-Washed-Denim-Jacket-Long-Sleeve-Button-Down-Loose-Boyfriend-Jean-Jacket.jpg_220x220.jpg,"https://ae04.alicdn.com/kf/Ha4853fab66a24ba59b9927b27db4c3bdW.jpg,https://ae04.alicdn.com/kf/Hf93a0b31ebba49ccab599c23075a0091B.jpg,https://ae04.alicdn.com/kf/H72be8d3a3e8d418f86a6e2a0ef6392de2.jpg,https://ae04.alicdn.com/kf/H63144b80d8e54ee3839f11720c9c952f4.jpg,https://ae04.alicdn.com/kf/Hc0ae2fd536bf482da08ad2a54bf9b76fi.jpg,",https://www.aliexpress.com/item/1005003154525881.html,28.89,20.22,9.00%,,30%,https://s.click.aliexpress.com/e/_AW2Pxh
Coats & Jackets,200000796,Plush Jacket Women's Winter Jacket Thicken Hooded Lattice Loose Women's Shirt Jacket Retro Buttons Keep Warm Soft Women's Coat,1005003429690397,https://ae01.alicdn.com/kf/S4b50b9dcce5a4fb4a9666123337dfd7dP/Plush-Jacket-Women-s-Winter-Jacket-Thicken-Hooded-Lattice-Loose-Women-s-Shirt-Jacket-Retro-Buttons.jpg_220x220.jpg,"https://ae04.alicdn.com/kf/S4b50b9dcce5a4fb4a9666123337dfd7dP.jpg,https://ae04.alicdn.com/kf/S9b08f3fa7ec6409c9d194cc253108998e.jpg,https://ae04.alicdn.com/kf/Sf5ebe2db3cf749139ffed1335eb65ea6q.jpg,https://ae04.alicdn.com/kf/Sa3a229ea056240d3b12dbc4749573271K.jpg,https://ae04.alicdn.com/kf/S1842d46538ff45dab9446c59037d9cc35.jpg,",https://www.aliexpress.com/item/1005003429690397.html,26.21,15.73,9.00%,,40%,https://s.click.aliexpress.com/e/_9HV5L1
Coats & Jackets,200000796,Women Jacket Solid Color Woolen Coats Single-Breasted Bandage Turn-down Collar Long Sleeve Suits Clothing Loose Cardigan Coats,1005003718102762,https://ae01.alicdn.com/kf/S79968bc4a90546349fc54269d90575d8D/Women-Jacket-Solid-Color-Woolen-Coats-Single-Breasted-Bandage-Turn-down-Collar-Long-Sleeve-Suits-Clothing.jpg_220x220.jpg,"https://ae04.alicdn.com/kf/S79968bc4a90546349fc54269d90575d8D.jpg,https://ae04.alicdn.com/kf/S93fcd758c86f489d9d05b850c31d2990H.jpg,https://ae04.alicdn.com/kf/Se68494cec3164136a25933c3319d53c3J.jpg,https://ae04.alicdn.com/kf/Scd6d62633c584827a62190629af47821s.jpg,https://ae04.alicdn.com/kf/Sdbd0f9e34d8840be91b55f7341d372bcg.jpg,",https://www.aliexpress.com/item/1005003718102762.html,28.71,15.79,15.00%,,45%,https://s.click.aliexpress.com/e/_AFuBDl
Coats & Jackets,200000796,KCHY Wine Red Trench Coat Women England Style Double Breasted Mid-Length Over The Knee Black Coat 2022 Spring Autumn Top,1005003803363323,https://ae01.alicdn.com/kf/Scc292d1db2e945489f103d8cf7bf7bef1/KCHY-Wine-Red-Trench-Coat-Women-England-Style-Double-Breasted-Mid-Length-Over-The-Knee-Black.jpg_220x220.jpg,"https://ae04.alicdn.com/kf/Scc292d1db2e945489f103d8cf7bf7bef1.jpg,https://ae04.alicdn.com/kf/Sa87087403d7b4ec5b20b6f2af49e0319X.jpg,https://ae04.alicdn.com/kf/S11f2eddadbad434d8c96caf4c9158913C.jpg,https://ae04.alicdn.com/kf/Sd3d441492e9f421e9ae4d0931f4fbc3eg.jpg,https://ae04.alicdn.com/kf/Sc0a28429899049369422a3cc112b52dei.jpg,",https://www.aliexpress.com/item/1005003803363323.html,64.53,44.53,12.00%,,31%,https://s.click.aliexpress.com/e/_AttWmb
Coats & Jackets,200000796,New Best-selling Winter Women's Down Jacket Fashion High-neck White Duck Down Warm Jacket Women's Outdoor Leisure Thin Jacket,1005001571494563,https://ae01.alicdn.com/kf/H81f4ea7f3e544758b37eadc9770015a9r/New-Best-selling-Winter-Women-s-Down-Jacket-Fashion-High-neck-White-Duck-Down-Warm-Jacket.jpg_220x220.jpg,"https://ae04.alicdn.com/kf/H81f4ea7f3e544758b37eadc9770015a9r.jpg,https://ae04.alicdn.com/kf/Heecbc8ddf20c430390c0954299916cd6H.jpg,https://ae04.alicdn.com/kf/Hb43b2e4199f0477ca0c083e819dcc466w.jpg,https://ae04.alicdn.com/kf/H394ec94b171442c4a6d04702e7cba20ef.jpg,https://ae04.alicdn.com/kf/H8f5b41d160f04897a6fb494aeef84659M.jpg,",https://www.aliexpress.com/item/1005001571494563.html,127.05,90.21,9.00%,,29%,https://s.click.aliexpress.com/e/_9fOaoR
Coats & Jackets,200000796,New Best seller Women's Fashion Padded Down Jacket Women's Autumn and Winter Short Bread Jacket Trend Women Coat  Ladies Coats,1005001571221741,https://ae01.alicdn.com/kf/H8feef57bf61942e8b7aa63f1d60db116Y/New-Best-seller-Women-s-Fashion-Padded-Down-Jacket-Women-s-Autumn-and-Winter-Short-Bread.jpg_220x220.jpg,"https://ae04.alicdn.com/kf/H8feef57bf61942e8b7aa63f1d60db116Y.jpg,https://ae04.alicdn.com/kf/Hc8e25593e2de41799e7f0ef82fc0d497s.jpg,https://ae04.alicdn.com/kf/H74421e2b316d49afbfd67b276ed9e9e2f.jpg,https://ae04.alicdn.com/kf/H1c6ebf76433c4e27b59633cf54d82970Z.jpg,https://ae04.alicdn.com/kf/H3d133f398ca043c588d4c19f5ba10387r.jpg,",https://www.aliexpress.com/item/1005001571221741.html,70.59,50.12,9.00%,,29%,https://s.click.aliexpress.com/e/_As9Yf9
Coats & Jackets,200000796,MOLAN Vintag Denim Short Jacket Woman With Shawl Detachable Long Sleeve Singal Breasted Fashion Jean Coat BF Female Outwear,1005003433471466,https://ae01.alicdn.com/kf/H79e33e64c447424685d72c0c2ca1d7f7N/MOLAN-Vintag-Denim-Short-Jacket-Woman-With-Shawl-Detachable-Long-Sleeve-Singal-Breasted-Fashion-Jean-Coat.png_220x220.png,"https://ae04.alicdn.com/kf/H79e33e64c447424685d72c0c2ca1d7f7N.png,https://ae04.alicdn.com/kf/Hf837f60b26cd47e7ab7b52757b2e1038z.jpg,https://ae04.alicdn.com/kf/H927a75ae3ac54e098698c0b2f340bfb6H.jpg,https://ae04.alicdn.com/kf/H43c624609ebe473bb8f7a4eff094561el.jpg,https://ae04.alicdn.com/kf/H2b97bce602924b4098e11eaeef3e8de91.jpg,",https://www.aliexpress.com/item/1005003433471466.html,49.90,29.94,25.00%,,40%,https://s.click.aliexpress.com/e/_9Aici7
Coats & Jackets,200000796,Winter Best-selling Women's Down Jacket Fashion All-match Over-knee Warm Jacket Women Outdoor Leisure Mid-length Cotton Jacket,1005001616387994,https://ae01.alicdn.com/kf/H74be9f162011465686fb17378ebaa8bby/Winter-Best-selling-Women-s-Down-Jacket-Fashion-All-match-Over-knee-Warm-Jacket-Women-Outdoor.jpg_220x220.jpg,"https://ae04.alicdn.com/kf/H74be9f162011465686fb17378ebaa8bby.jpg,https://ae04.alicdn.com/kf/H83e73cd0cb6b4955b571bb3c82194179t.jpg,https://ae04.alicdn.com/kf/H43a3ccc2059c43c5b9885d9b004694eau.jpg,https://ae04.alicdn.com/kf/Hee3a1e34fcf044998b76a67acd311aedy.jpg,https://ae04.alicdn.com/kf/H8956f2431bd4495bac87e993816c689du.jpg,",https://www.aliexpress.com/item/1005001616387994.html,106.05,75.30,9.00%,,29%,https://s.click.aliexpress.com/e/_AFILdV
Coats & Jackets,200000796,New Best-selling Winter Women's Down Jacket Fashion Loose Sequined Warm Jacket Women's Outdoor Leisure Mid-length Jacket32,1005001567056361,https://ae01.alicdn.com/kf/Hfe3ace05824c47f0b13851adf83e3c472/New-Best-selling-Winter-Women-s-Down-Jacket-Fashion-Loose-Sequined-Warm-Jacket-Women-s-Outdoor.jpg_220x220.jpg,"https://ae04.alicdn.com/kf/Hfe3ace05824c47f0b13851adf83e3c472.jpg,https://ae04.alicdn.com/kf/Haac38704389742a5bb7c523efcb5a941G.jpg,https://ae04.alicdn.com/kf/H40830f0fcb6d49aa815cec8a367a4e1bo.jpg,https://ae04.alicdn.com/kf/H2680c7848a1a435d9d3ca306875b6e412.jpg,https://ae04.alicdn.com/kf/Ha02d3ca185914a83ae546540e8690e08N.jpg,",https://www.aliexpress.com/item/1005001567056361.html,116.20,82.50,9.00%,,29%,https://s.click.aliexpress.com/e/_Arr9Hd
Coats & Jackets,200000796,Winter Best-selling Women's Down Jacket Fashion Fur Collar Warm White Duck Down Jacket Outdoor Leisure Mid-length Women's Jacket,1005001586785051,https://ae01.alicdn.com/kf/H9d3ef625b98446b9b04f785265ec5d11P/Winter-Best-selling-Women-s-Down-Jacket-Fashion-Fur-Collar-Warm-White-Duck-Down-Jacket-Outdoor.jpg_220x220.jpg,"https://ae04.alicdn.com/kf/H9d3ef625b98446b9b04f785265ec5d11P.jpg,https://ae04.alicdn.com/kf/Hc5cd8d55c807492a8e5a9014dc91211b8.jpg,https://ae04.alicdn.com/kf/H7fc662fc25a24a4b99db6700d1962176V.jpg,https://ae04.alicdn.com/kf/Hf4b5572cbc174ab0a6f6598b7b7c0b071.jpg,https://ae04.alicdn.com/kf/H7a68687b9af441f1a19ab1172773af33C.jpg,",https://www.aliexpress.com/item/1005001586785051.html,108.24,76.85,9.00%,,29%,https://s.click.aliexpress.com/e/_9GlANp
Coats & Jackets,200000796,New Winter Best-selling Women's Down Jacket Fashion Fur Collar Waist Warm Jacket Outdoor Leisure Mid-length Women's Jacket,1005001602614405,https://ae01.alicdn.com/kf/Hec4b751bb8754966afb43b4aed488d79H/New-Winter-Best-selling-Women-s-Down-Jacket-Fashion-Fur-Collar-Waist-Warm-Jacket-Outdoor-Leisure.jpg_220x220.jpg,"https://ae04.alicdn.com/kf/Hec4b751bb8754966afb43b4aed488d79H.jpg,https://ae04.alicdn.com/kf/H7d3c406c406e4351a606873fe9bc3161N.jpg,https://ae04.alicdn.com/kf/H804e3646e1b041b3b4024c9d5c622f76V.jpg,https://ae04.alicdn.com/kf/H22c71af003d446a8beca12e3f7e214baJ.jpg,https://ae04.alicdn.com/kf/H8c95bc0ac7d2482a8922ca90ff74b209j.jpg,",https://www.aliexpress.com/item/1005001602614405.html,125.60,89.18,9.00%,,29%,https://s.click.aliexpress.com/e/_Ap2eAF
Coats & Jackets,200000796,KCHY Korean Fashion Trench Coat Women Female Clothing 2022 Spring Autumn All-Match High-End Double Breasted Long Loose Coat,1005003803151406,https://ae01.alicdn.com/kf/S6506a2a2253c444b9cce870c99044aa2r/KCHY-Korean-Fashion-Trench-Coat-Women-Female-Clothing-2022-Spring-Autumn-All-Match-High-End-Double.jpg_220x220.jpg,"https://ae04.alicdn.com/kf/S6506a2a2253c444b9cce870c99044aa2r.jpg,https://ae04.alicdn.com/kf/Seabc3eb06ac64a7e9ab26967af51ad94u.jpg,https://ae04.alicdn.com/kf/S7375fe2c89a040489e9e41b313506c099.jpg,https://ae04.alicdn.com/kf/S001eb1574a524794956338eeeff697b4b.jpg,https://ae04.alicdn.com/kf/H3374dc99845542b796f42d4251dba43aS.jpg,",https://www.aliexpress.com/item/1005003803151406.html,51.33,35.42,12.00%,,31%,https://s.click.aliexpress.com/e/_AOjpIX
Coats & Jackets,200000796,New Best-selling Winter Women's Down Jacket Fashion Fur Collar Sequined Warm Jacket Women's Outdoor Leisure Mid-length Jacket,1005001567101218,https://ae01.alicdn.com/kf/H9ee022700ee14d2da76e38dad7575569m/New-Best-selling-Winter-Women-s-Down-Jacket-Fashion-Fur-Collar-Sequined-Warm-Jacket-Women-s.jpg_220x220.jpg,"https://ae04.alicdn.com/kf/H9ee022700ee14d2da76e38dad7575569m.jpg,https://ae04.alicdn.com/kf/Hde849d3944f3428da3b83ca72b5f6419s.jpg,https://ae04.alicdn.com/kf/H864a7b6b15d840d4871c9be82c886aac8.jpg,https://ae04.alicdn.com/kf/H3d3ef955039645d882cc6df7d6a426c1B.jpg,https://ae04.alicdn.com/kf/H71ec0ced73024d0da99ec484ca376e885.jpg,",https://www.aliexpress.com/item/1005001567101218.html,116.20,82.50,9.00%,,29%,https://s.click.aliexpress.com/e/_9ACBqr
Coats & Jackets,200000796,2020 New Casual Down Jacket White Duck Down Embroidered Fox Fur Collar Coat Autumn Winter Fashion Warm Parka Overcoat Outwear,1005001555140906,https://ae01.alicdn.com/kf/Hbd490839a8954046ac4f7c1a9221e14bq/2020-New-Casual-Down-Jacket-White-Duck-Down-Embroidered-Fox-Fur-Collar-Coat-Autumn-Winter-Fashion.jpg_220x220.jpg,"https://ae04.alicdn.com/kf/Hbd490839a8954046ac4f7c1a9221e14bq.jpg,https://ae04.alicdn.com/kf/H361b0733b5b748c9aa7cf2f23996e675Z.jpg,https://ae04.alicdn.com/kf/H00776fb0f80942fb82c22af0e38c74c7a.jpg,https://ae04.alicdn.com/kf/H45cbbd7e6afd4db393d3c64623ba5b45u.jpg,https://ae04.alicdn.com/kf/H84babd39efd44721989d357b03fa4f31b.jpg,",https://www.aliexpress.com/item/1005001555140906.html,159.29,113.10,9.00%,,29%,https://s.click.aliexpress.com/e/_AVUILH
Coats & Jackets,200000796,Winter Women's Down Jacket Fashion Two Sides Wear White Duck Down Thick Coat Outdoor Leisure Mid-length Women's Cotton Jacket,1005001608409603,https://ae01.alicdn.com/kf/H263eb63b9e574e75acd6d093ce97a717w/Winter-Women-s-Down-Jacket-Fashion-Two-Sides-Wear-White-Duck-Down-Thick-Coat-Outdoor-Leisure.jpg_220x220.jpg,"https://ae04.alicdn.com/kf/H263eb63b9e574e75acd6d093ce97a717w.jpg,https://ae04.alicdn.com/kf/Hf5a855a3508e43deabcfc8135cb680caa.jpg,https://ae04.alicdn.com/kf/H5f2ef808e54d416186376cc595eb63a31.jpg,https://ae04.alicdn.com/kf/H393a642057564f0796e7d19f8056c971P.jpg,https://ae04.alicdn.com/kf/Hf817349af6724b1fa1666ade0725c45bv.jpg,",https://www.aliexpress.com/item/1005001608409603.html,196.92,139.81,9.00%,,29%,https://s.click.aliexpress.com/e/_9GJ7vV
Coats & Jackets,200000796,Autumn and Winter New Girls Mid-length Colorful Down Jacket Fashion Disposable Shiny Warm Jacket Outdoor Casual Girls Jacket,1005001561038233,https://ae01.alicdn.com/kf/Hf67eed4f2adf476aac8698be0cc13c98m/Autumn-and-Winter-New-Girls-Mid-length-Colorful-Down-Jacket-Fashion-Disposable-Shiny-Warm-Jacket-Outdoor.jpg_220x220.jpg,"https://ae04.alicdn.com/kf/Hf67eed4f2adf476aac8698be0cc13c98m.jpg,https://ae04.alicdn.com/kf/H01a83a58aa1f4b17bc2474c11c54bf66Z.jpg,https://ae04.alicdn.com/kf/H85eb27bdeac34ddda5c197e7263da3ed4.jpg,https://ae04.alicdn.com/kf/H57f3d720d0c441158c2b609cafbc25a0Z.jpg,https://ae04.alicdn.com/kf/H3708231b605648b0904b870662954317j.jpg,",https://www.aliexpress.com/item/1005001561038233.html,106.42,75.56,9.00%,,29%,https://s.click.aliexpress.com/e/_AUuuz1
Coats & Jackets,200000796,MOLAN New Fashion Woman Winter Coat Button Vintage Streetwear Lambs Wool Fashion Jacket Warm Loose Female Chic Outwear,1005003790274808,https://ae01.alicdn.com/kf/H8b3a50a3430f4528bd3c62d10a1bcc04q/MOLAN-New-Fashion-Woman-Winter-Coat-Button-Vintage-Streetwear-Lambs-Wool-Fashion-Jacket-Warm-Loose-Female.jpg_220x220.jpg,"https://ae04.alicdn.com/kf/H8b3a50a3430f4528bd3c62d10a1bcc04q.jpg,https://ae04.alicdn.com/kf/H3fef870e1fa841e98dd1057632fb10e5H.jpg,https://ae04.alicdn.com/kf/H24677656e4094f69a814585dea317ae6v.jpg,https://ae04.alicdn.com/kf/H57c563f009524e08b5a95939d200f842v.jpg,https://ae04.alicdn.com/kf/H673062aed7944d25b67fe3eb85680b707.jpg,",https://www.aliexpress.com/item/1005003790274808.html,83.10,52.35,10.00%,,37%,https://s.click.aliexpress.com/e/_99MDub
Coats & Jackets,200000796,New Winter Women's Down Jacket Fashion Waist Thickened Fox Fur Collar Jacket Outdoor Leisure Mid-length Women's Cotton Jacket,1005001608498316,https://ae01.alicdn.com/kf/H473dd19dcb3545a3b1c6d3c75e132e9fO/New-Winter-Women-s-Down-Jacket-Fashion-Waist-Thickened-Fox-Fur-Collar-Jacket-Outdoor-Leisure-Mid.jpg_220x220.jpg,"https://ae04.alicdn.com/kf/H473dd19dcb3545a3b1c6d3c75e132e9fO.jpg,https://ae04.alicdn.com/kf/Hfea291054cac40158f2fc6a3778fe708k.jpg,https://ae04.alicdn.com/kf/Hc6d39d88cf534c04905fe64d68109feay.jpg,https://ae04.alicdn.com/kf/Hd7d46de4b66945eaaae914244637b5bd5.jpg,https://ae04.alicdn.com/kf/Ha7a402dc1ca64421ac95e2b3b5ce9334q.jpg,",https://www.aliexpress.com/item/1005001608498316.html,150.22,106.66,9.00%,,29%,https://s.click.aliexpress.com/e/_AE00Ex
Coats & Jackets,200000796,MOLAN Spring Woman Baseball Jacket Fashion Long Sleeve O Neck Chic Harajuku Autumn Jacket Cotton-padded Coat Female Outwear,1005003762195818,https://ae01.alicdn.com/kf/Hf291f641601f4ab293e22d4866e9ad94M/MOLAN-Spring-Woman-Baseball-Jacket-Fashion-Long-Sleeve-O-Neck-Chic-Harajuku-Autumn-Jacket-Cotton-padded.jpg_220x220.jpg,"https://ae04.alicdn.com/kf/Hf291f641601f4ab293e22d4866e9ad94M.jpg,https://ae04.alicdn.com/kf/H54a4fa63b80949909b7a18f1679f24078.jpg,https://ae04.alicdn.com/kf/H70efa82727ce4cd0bfa17f1555d80c883.jpg,https://ae04.alicdn.com/kf/H2bc08baf83c846199ae26a70471c6f7fb.jpg,https://ae04.alicdn.com/kf/H972ea57cb8ca4a90ba04fbe71db5a8b7h.jpg,",https://www.aliexpress.com/item/1005003762195818.html,58.40,34.46,10.00%,,41%,https://s.click.aliexpress.com/e/_9xZ2Oj
Coats & Jackets,200000796,New Best selling Winter Women's Down Jacket Fashion White Duck Down Thick Warm Jacket Women's Outdoor Leisure Mid-length Jacket,1005001567148029,https://ae01.alicdn.com/kf/Hd4a901a5c7704cf981b45b6be2154916p/New-Best-selling-Winter-Women-s-Down-Jacket-Fashion-White-Duck-Down-Thick-Warm-Jacket-Women.jpg_220x220.jpg,"https://ae04.alicdn.com/kf/Hd4a901a5c7704cf981b45b6be2154916p.jpg,https://ae04.alicdn.com/kf/H283a0cf26a29405282590bd8e7cf10f0y.jpg,https://ae04.alicdn.com/kf/H243f2085434143e1a98371f09c16dc7c3.jpg,https://ae04.alicdn.com/kf/Ha2d599e9805d4925a9a2b9e815cc11c2X.jpg,https://ae04.alicdn.com/kf/H338feb2cf8984284a9ed90d1e2a9ec978.jpg,",https://www.aliexpress.com/item/1005001567148029.html,230.58,163.71,9.00%,,29%,https://s.click.aliexpress.com/e/_ApyckP
Coats & Jackets,200000796,MOLAN Winter New Woman Lamb Wool Coat Patchwork Streetwear Loose Oversize Warm Loose Fashion Harajuku Jacket Warm Female Outwear,1005003790244671,https://ae01.alicdn.com/kf/H944135d35f004ddb97157cdcad983f9e9/MOLAN-Winter-New-Woman-Lamb-Wool-Coat-Patchwork-Streetwear-Loose-Oversize-Warm-Loose-Fashion-Harajuku-Jacket.jpg_220x220.jpg,"https://ae04.alicdn.com/kf/H944135d35f004ddb97157cdcad983f9e9.jpg,https://ae04.alicdn.com/kf/Hf04cc397e2d04714bfa0630a5dc33954i.jpg,https://ae04.alicdn.com/kf/Ha52661a043e740719cf29162371e49a8b.jpg,https://ae04.alicdn.com/kf/H21cda9293eed40a387a3b2051f9f0ffdq.jpg,https://ae04.alicdn.com/kf/Hb1f9876aaf7343479622648ee77417a6z.jpg,",https://www.aliexpress.com/item/1005003790244671.html,56.40,35.53,10.00%,,37%,https://s.click.aliexpress.com/e/_AOD4K3
Coats & Jackets,200000796,MOLAN Warm Woman Winter Coat 2022 New Button Leather Streetwear Lambs Wool Fashion Loose Vntage Overcoat Female Chic Jacket,1005003790372601,https://ae01.alicdn.com/kf/Hfefd6d6f846a49bca2d2eba3ce934c54f/MOLAN-Warm-Woman-Winter-Coat-2022-New-Button-Leather-Streetwear-Lambs-Wool-Fashion-Loose-Vntage-Overcoat.jpg_220x220.jpg,"https://ae04.alicdn.com/kf/Hfefd6d6f846a49bca2d2eba3ce934c54f.jpg,https://ae04.alicdn.com/kf/H3236438d00254d8c971a3f5ec39bc4d4q.jpg,https://ae04.alicdn.com/kf/H70758287c0034cd19dea6b45d909cc82K.jpg,https://ae04.alicdn.com/kf/H1a57e0af941c48a09974f3c65c1522157.jpg,https://ae04.alicdn.com/kf/Hfd7c54c0c9dc4979b121c73b31079705V.jpg,",https://www.aliexpress.com/item/1005003790372601.html,43.90,27.66,10.00%,,37%,https://s.click.aliexpress.com/e/_9wz5aP
Coats & Jackets,200000796,MOLAN Vintage Za Wool Overcoat Woman Loose Fashion Lapel Metal Breasted Long Winter Loose Wool Coat Black Female Chic Outwear,1005003525683827,https://ae01.alicdn.com/kf/H9d8cd2b60072408eb3ff969b82c6abcdY/MOLAN-Vintage-Za-Wool-Overcoat-Woman-Loose-Fashion-Lapel-Metal-Breasted-Long-Winter-Loose-Wool-Coat.png_220x220.png,"https://ae04.alicdn.com/kf/H9d8cd2b60072408eb3ff969b82c6abcdY.png,https://ae04.alicdn.com/kf/H3b5d818bdd394db4be840e49c25b4617H.jpg,https://ae04.alicdn.com/kf/H7f02fd35bce44a2b9bc02e3f3c7d3f62l.jpg,https://ae04.alicdn.com/kf/H1fb3743343c240ee9634d03b98ee3c9cv.jpg,https://ae04.alicdn.com/kf/Hd9b89be708ac4892874eb9796f6cb127S.jpg,",https://www.aliexpress.com/item/1005003525683827.html,59.90,37.74,30.00%,,37%,https://s.click.aliexpress.com/e/_Asb73t
Coats & Jackets,200000796,KCHY Plus Size Blazer Women Checkerboard Plaid Coat Long Sleeve Top Korean Loose Casual Blazer Spring Autumn,1005003799396513,https://ae01.alicdn.com/kf/Sb0993869cb374aecae9237fbd20ff955a/KCHY-Plus-Size-Blazer-Women-Checkerboard-Plaid-Coat-Long-Sleeve-Top-Korean-Loose-Casual-Blazer-Spring.jpg_220x220.jpg,"https://ae04.alicdn.com/kf/Sb0993869cb374aecae9237fbd20ff955a.jpg,https://ae04.alicdn.com/kf/H6ee73248f1674a8ab78e29c88c8e62dbq.jpg,https://ae04.alicdn.com/kf/Saa699de2b17b4ab391682cd331607dd6b.jpg,https://ae04.alicdn.com/kf/Sacf6cef92b824b3dace1c82ff79d0417A.jpg,https://ae04.alicdn.com/kf/H6d54e87ee2fa426aabca63c2844ba94ez.jpg,",https://www.aliexpress.com/item/1005003799396513.html,36.69,25.32,12.00%,,31%,https://s.click.aliexpress.com/e/_9InWGn
Coats & Jackets,200000796,KCHY Korean Loose Denim Jacket Women Mid-Length Large Size Split Retro Blue Long-Sleeved Trench Coat Spring Autumn,1005003803037818,https://ae01.alicdn.com/kf/S206763aa944c429aaee6f73c68a56241Y/KCHY-Korean-Loose-Denim-Jacket-Women-Mid-Length-Large-Size-Split-Retro-Blue-Long-Sleeved-Trench.jpg_220x220.jpg,"https://ae04.alicdn.com/kf/S206763aa944c429aaee6f73c68a56241Y.jpg,https://ae04.alicdn.com/kf/Sd9cc3fa384ee4ebb80740cfd223e654eW.jpg,https://ae04.alicdn.com/kf/S3ebb41aa7a39462099213859c533575cJ.jpg,https://ae04.alicdn.com/kf/S1f0b85af2a594926a02190bab75bce24E.jpg,https://ae04.alicdn.com/kf/Sb6f61bd8c14047d8aa21d22b2f7e8f3cM.jpg,",https://www.aliexpress.com/item/1005003803037818.html,41.34,28.52,12.00%,,31%,https://s.click.aliexpress.com/e/_AkSs1v
Coats & Jackets,200000796,New girls' down jacket mid-length fox fur collar thick Korean style outer jacket children's winter outdoor leisure down jacket,1005001561040092,https://ae01.alicdn.com/kf/H3d76bba5aa97417999927a28e8a15610D/New-girls-down-jacket-mid-length-fox-fur-collar-thick-Korean-style-outer-jacket-children-s.jpg_220x220.jpg,"https://ae04.alicdn.com/kf/H3d76bba5aa97417999927a28e8a15610D.jpg,https://ae04.alicdn.com/kf/Hb19288b856864edc95bff8b1cd3c33caQ.jpg,https://ae04.alicdn.com/kf/H44bc0800c43446b3b335278440b1a92bV.jpg,https://ae04.alicdn.com/kf/H02344c8430894f0cb784dc9272f6cfe90.jpg,https://ae04.alicdn.com/kf/H60b431e3038842a8845335a8ee7b4587w.jpg,",https://www.aliexpress.com/item/1005001561040092.html,106.42,75.56,9.00%,,29%,https://s.click.aliexpress.com/e/_AWojuF
Coats & Jackets,200000796,New Best-selling Winter Women's Down Jacket Fashion Knit Hat White Duck Down Warm Jacket Women's Outdoor Casual Jacket,1005001567121152,https://ae01.alicdn.com/kf/H50ab512410c6488682a255bafce924a8y/New-Best-selling-Winter-Women-s-Down-Jacket-Fashion-Knit-Hat-White-Duck-Down-Warm-Jacket.jpg_220x220.jpg,"https://ae04.alicdn.com/kf/H50ab512410c6488682a255bafce924a8y.jpg,https://ae04.alicdn.com/kf/H91de6ee93a814dacadaf8be7495e2199N.jpg,https://ae04.alicdn.com/kf/H8fbd40908d6b4ce29e7a89f10a94145ac.jpg,https://ae04.alicdn.com/kf/H779fd1b087424cd6a130562ea1d88694T.jpg,https://ae04.alicdn.com/kf/Hb5bbfdfddbbb494a910b60d578c0e378k.jpg,",https://www.aliexpress.com/item/1005001567121152.html,116.20,82.50,9.00%,,29%,https://s.click.aliexpress.com/e/_9y5nxD
Coats & Jackets,200000796,New Best-selling Winter Women's Down Jacket Mid-length Fox Fur Collar White Duck Down Warm Jacket Fashion Outdoor Casual Jacket,1005001567136129,https://ae01.alicdn.com/kf/Hcc55deffbae74ffbaadd03721c528164P/New-Best-selling-Winter-Women-s-Down-Jacket-Mid-length-Fox-Fur-Collar-White-Duck-Down.jpg_220x220.jpg,"https://ae04.alicdn.com/kf/Hcc55deffbae74ffbaadd03721c528164P.jpg,https://ae04.alicdn.com/kf/Ha32de3101a594e2d91e4f96dbf58990cJ.jpg,https://ae04.alicdn.com/kf/H182403cadfc94cb6a3ae5b712644a1aac.jpg,https://ae04.alicdn.com/kf/H7dcdb653a6bf4e8190df83865f8044b8y.jpg,https://ae04.alicdn.com/kf/Hc9918b0d223a4e1cb87f54e761bfedb5M.jpg,",https://www.aliexpress.com/item/1005001567136129.html,196.56,139.56,9.00%,,29%,https://s.click.aliexpress.com/e/_A0Fkhp
Coats & Jackets,200000796,New Winter Long Children's Hooded Down Jacket Parent-child Fox Fur Collar Coat Fashion Outdoor Casual Children's Down Jacket,1005001560749999,https://ae01.alicdn.com/kf/H6c1b6d2563144a69947d678afeb20374T/New-Winter-Long-Children-s-Hooded-Down-Jacket-Parent-child-Fox-Fur-Collar-Coat-Fashion-Outdoor.jpg_220x220.jpg,"https://ae04.alicdn.com/kf/H6c1b6d2563144a69947d678afeb20374T.jpg,https://ae04.alicdn.com/kf/Hce4d7c0fc1d04481a809d38d08dadc80q.jpg,https://ae04.alicdn.com/kf/Hcbf5fad40a7f4fd9bc242d717c68e4ccE.jpg,https://ae04.alicdn.com/kf/H50e7636c835c4f3ba1c34ca49df69d8eG.jpg,https://ae04.alicdn.com/kf/H20df6a4165954b41b9b7d609bc6343dad.jpg,",https://www.aliexpress.com/item/1005001560749999.html,109.00,77.39,9.00%,,29%,https://s.click.aliexpress.com/e/_AoWDpH
Coats & Jackets,200000796,Winter Best-selling Women's Down Jacket Fashion Loose White Duck Down Warm Jacket Outdoor Sports Leisure Short Women's Jacket,1005001602595502,https://ae01.alicdn.com/kf/Ha09ec372a8eb42fdb0096e414135dabfz/Winter-Best-selling-Women-s-Down-Jacket-Fashion-Loose-White-Duck-Down-Warm-Jacket-Outdoor-Sports.jpg_220x220.jpg,"https://ae04.alicdn.com/kf/Ha09ec372a8eb42fdb0096e414135dabfz.jpg,https://ae04.alicdn.com/kf/Hec02ef4c01b345bd874cd3349cfa95f6K.jpg,https://ae04.alicdn.com/kf/Ha96dd276f1cd45e9a551db822f1a1395j.jpg,https://ae04.alicdn.com/kf/Hc3d698f5d8b54823934bb7081a4ddb07m.jpg,https://ae04.alicdn.com/kf/Hc6a2e3734f1146aa9cbde606e7996591o.jpg,",https://www.aliexpress.com/item/1005001602595502.html,131.90,93.65,9.00%,,29%,https://s.click.aliexpress.com/e/_A76PSf
Coats & Jackets,200000796,New Winter Best-selling Women's Down Jacket Fashion Fur Collar Velcro Warm Jacket Women Outdoor Leisure Mid-length Cotton Jacket,1005001616461685,https://ae01.alicdn.com/kf/H06fe60982f22460d8e12ab631c7a6a25y/New-Winter-Best-selling-Women-s-Down-Jacket-Fashion-Fur-Collar-Velcro-Warm-Jacket-Women-Outdoor.jpg_220x220.jpg,"https://ae04.alicdn.com/kf/H06fe60982f22460d8e12ab631c7a6a25y.jpg,https://ae04.alicdn.com/kf/H97cd57f827dc407992862e099b9ec930w.jpg,https://ae04.alicdn.com/kf/H5ae62d5028e14313bffa86f7886d16781.jpg,https://ae04.alicdn.com/kf/H920d0d8846054008a2afa23c9dcd01a55.jpg,https://ae04.alicdn.com/kf/H14355fe199374aaca2ddd63367f27115r.jpg,",https://www.aliexpress.com/item/1005001616461685.html,109.65,77.85,9.00%,,29%,https://s.click.aliexpress.com/e/_AbAvV9
Coats & Jackets,200000796,KCHY Black Trench Coat Women Double Breasted Turndown Collar Mid-Length Top Solid All-Match Loose Casual Outerwear,1005003803179842,https://ae01.alicdn.com/kf/Sf95a78c736d54036a638f958180878dd6/KCHY-Black-Trench-Coat-Women-Double-Breasted-Turndown-Collar-Mid-Length-Top-Solid-All-Match-Loose.jpg_220x220.jpg,"https://ae04.alicdn.com/kf/Sf95a78c736d54036a638f958180878dd6.jpg,https://ae04.alicdn.com/kf/S1932b82a16214e809d614d5d5c6884fbF.jpg,https://ae04.alicdn.com/kf/Sb08443b913414cb48c1b311c0dffc0aaq.jpg,https://ae04.alicdn.com/kf/Sa1a0d38ed5f34f5f8b0113e75d55168ed.jpg,https://ae04.alicdn.com/kf/S0d3c5a77db4544ae9b3dcce2585aae66s.jpg,",https://www.aliexpress.com/item/1005003803179842.html,48.80,33.67,12.00%,,31%,https://s.click.aliexpress.com/e/_A8qMRd
Coats & Jackets,200000796,KCHY Autumn LongTrench Coat Women Overcoat With Belt Solid All-Match High-End Loose Casual Outerwear Top,1005003803194561,https://ae01.alicdn.com/kf/S4bbcf79f98914dd9b827e8f41ee162187/KCHY-Autumn-LongTrench-Coat-Women-Overcoat-With-Belt-Solid-All-Match-High-End-Loose-Casual-Outerwear.jpg_220x220.jpg,"https://ae04.alicdn.com/kf/S4bbcf79f98914dd9b827e8f41ee162187.jpg,https://ae04.alicdn.com/kf/S2bfc271d446a463797849fb793d1f791v.jpg,https://ae04.alicdn.com/kf/Sfb8d85710e93435a9e628ed65ba53d0em.jpg,https://ae04.alicdn.com/kf/Sc0b7a43d749b4dd682841ca183b1fc85d.jpg,https://ae04.alicdn.com/kf/S15ec00657af04d918855127a63d7d87ce.jpg,",https://www.aliexpress.com/item/1005003803194561.html,51.90,35.81,12.00%,,31%,https://s.click.aliexpress.com/e/_AcKJcb
Coats & Jackets,200000796,MOLAN Winter Woman Lamb Wool Coat Patchwork Fur Streetwear Loose Oversize Korean Fashion Winter Jacket Pockets Female Outwear,1005003762339360,https://ae01.alicdn.com/kf/He48655cbc5c2436393b4a567615302aaL/MOLAN-Winter-Woman-Lamb-Wool-Coat-Patchwork-Fur-Streetwear-Loose-Oversize-Korean-Fashion-Winter-Jacket-Pockets.jpg_220x220.jpg,"https://ae04.alicdn.com/kf/He48655cbc5c2436393b4a567615302aaL.jpg,https://ae04.alicdn.com/kf/Hdb83130fa5874f4da468fd161ae8d25eU.jpg,https://ae04.alicdn.com/kf/H8fe4c380963a46c9bf8ea3b95b67a82bk.jpg,https://ae04.alicdn.com/kf/H1b874a55d60f4bb486f267925f9483cdQ.jpg,https://ae04.alicdn.com/kf/H0610f04c31fb404da7c61807b1b7c2e5T.jpg,",https://www.aliexpress.com/item/1005003762339360.html,76.40,45.08,10.00%,,41%,https://s.click.aliexpress.com/e/_AWwhqP
Coats & Jackets,200000796,MOLAN Fashion Striped Woman Jacket Zipper Autumn New O Neck Long Sleeve Loose Jacket Coat 2021 New Femael Vintage Coat,1005003603998897,https://ae01.alicdn.com/kf/H8198cea210be4fc4b43f1f5be6faae94H/MOLAN-Fashion-Striped-Woman-Jacket-Zipper-Autumn-New-O-Neck-Long-Sleeve-Loose-Jacket-Coat-2021.png_220x220.png,"https://ae04.alicdn.com/kf/H8198cea210be4fc4b43f1f5be6faae94H.png,https://ae04.alicdn.com/kf/Hfe443fe3eed54c8eb77b47b93c890dc81.jpg,https://ae04.alicdn.com/kf/H1fd22e8f9fb549ab9b874e99f4161859S.png,https://ae04.alicdn.com/kf/H43541d84363f4c0280043ee40f56d2f94.png,https://ae04.alicdn.com/kf/H71992ef3b3894f45a22731484f157245N.png,",https://www.aliexpress.com/item/1005003603998897.html,28.90,18.21,20.00%,,37%,https://s.click.aliexpress.com/e/_9yRltN
Coats & Jackets,200000796,KCHY Trench Coat Women 2022 Spring Autumn Popular Coat Double Breasted Mid-Length Over The Knee Korean Loose Top,1005003803566608,https://ae01.alicdn.com/kf/Sec3031af9df54affbe62b7e9360672d83/KCHY-Trench-Coat-Women-2022-Spring-Autumn-Popular-Coat-Double-Breasted-Mid-Length-Over-The-Knee.jpg_220x220.jpg,"https://ae04.alicdn.com/kf/Sec3031af9df54affbe62b7e9360672d83.jpg,https://ae04.alicdn.com/kf/S66ea574e14164fdc8ae754e40c8643d3t.jpg,https://ae04.alicdn.com/kf/Hf1a88fb4c01247b88ca07375c7865c836.jpg,https://ae04.alicdn.com/kf/Sae822049c82645f2b478bac806d2f86dt.jpg,https://ae04.alicdn.com/kf/Hfd2539aa678041e58aa29f3c534c35eag.jpg,",https://www.aliexpress.com/item/1005003803566608.html,57.89,39.94,12.00%,,31%,https://s.click.aliexpress.com/e/_APPn4x
Coats & Jackets,200000796,MOLAN Winter New Woman Chic Overcoat Leather Patchwork Streetwear Lambs Wool Fashion Winter Jacket Warm Loose Female Outwear,1005003790355337,https://ae01.alicdn.com/kf/Hfc0712b8fbca468a886028dac816bc85U/MOLAN-Winter-New-Woman-Chic-Overcoat-Leather-Patchwork-Streetwear-Lambs-Wool-Fashion-Winter-Jacket-Warm-Loose.jpg_220x220.jpg,"https://ae04.alicdn.com/kf/Hfc0712b8fbca468a886028dac816bc85U.jpg,https://ae04.alicdn.com/kf/Hb01d6aa1b00b40bc870ae16a25e3f955w.jpg,https://ae04.alicdn.com/kf/H76f3b48ed11b409aa665aed33e32a0fdm.jpg,https://ae04.alicdn.com/kf/H562c7dab3b56473390a7d38af999f0641.jpg,https://ae04.alicdn.com/kf/H8fd8f427b9a9400c9d97f5a67e76ecacg.jpg,",https://www.aliexpress.com/item/1005003790355337.html,71.40,44.98,10.00%,,37%,https://s.click.aliexpress.com/e/_9HTZrv
Coats & Jackets,200000796,"New winter best-selling women's down jackets, fashionable lightweight warm jackets, outdoor leisure mid-length women's jackets",1005001586738154,https://ae01.alicdn.com/kf/H2ef29e0cb039413aac003e87d511cd08Y/New-winter-best-selling-women-s-down-jackets-fashionable-lightweight-warm-jackets-outdoor-leisure-mid-length.jpg_220x220.jpg,"https://ae04.alicdn.com/kf/H2ef29e0cb039413aac003e87d511cd08Y.jpg,https://ae04.alicdn.com/kf/H9fe2d9577774466baa132c4a53e4e3b6n.jpg,https://ae04.alicdn.com/kf/H9f8ce4d1664848b4a4cb7159c14dcd29u.jpg,https://ae04.alicdn.com/kf/H47131c62bfbf4e7ab344acd0987c2b952.jpg,https://ae04.alicdn.com/kf/Ha9990ff69c53461d9e7417d67e9ad29fU.jpg,",https://www.aliexpress.com/item/1005001586738154.html,124.00,88.04,9.00%,,29%,https://s.click.aliexpress.com/e/_A2XRYj
Coats & Jackets,200000796,MOLAN Casual Denim Short Jacket Woman Lapel Neck Long Sleeve Singal Breasted Fashion Jean Coat French Female Outwear,1005003431874037,https://ae01.alicdn.com/kf/He191b6e0f8ee4b9dbe444b0a13517eeew/MOLAN-Casual-Denim-Short-Jacket-Woman-Lapel-Neck-Long-Sleeve-Singal-Breasted-Fashion-Jean-Coat-French.png_220x220.png,"https://ae04.alicdn.com/kf/He191b6e0f8ee4b9dbe444b0a13517eeew.png,https://ae04.alicdn.com/kf/H3687a4f474c840a6ada2ab37fdbd84785.jpg,https://ae04.alicdn.com/kf/H964b4a37440a498fb0287f5664457fccG.jpg,https://ae04.alicdn.com/kf/H89b02ad6e1cc42ee97dbba2e50f71714r.jpg,https://ae04.alicdn.com/kf/Hd83f714212a44c8eb9df1e8beeec4d1ec.png,",https://www.aliexpress.com/item/1005003431874037.html,41.90,25.14,25.00%,,40%,https://s.click.aliexpress.com/e/_AFkNXp
Coats & Jackets,200000796,New Winter Best-selling Women's Down Jacket Fashion Ink Printing White Duck Down Warm Jacket Outdoor Leisure Mid-length Jacket,1005001602693049,https://ae01.alicdn.com/kf/H0e64f4bf6953460fb2aec022674615851/New-Winter-Best-selling-Women-s-Down-Jacket-Fashion-Ink-Printing-White-Duck-Down-Warm-Jacket.jpg_220x220.jpg,"https://ae04.alicdn.com/kf/H0e64f4bf6953460fb2aec022674615851.jpg,https://ae04.alicdn.com/kf/H85d2ef63401940dd9365d30f2c426efdx.jpg,https://ae04.alicdn.com/kf/H9945d8a0b7594297b749a82586fdbcf4f.jpg,https://ae04.alicdn.com/kf/H49dd2b2ea87147b290ff4f8c5e4f0adco.jpg,https://ae04.alicdn.com/kf/Hfa884967ae8a457dbb4705dbbc599cb2S.jpg,",https://www.aliexpress.com/item/1005001602693049.html,148.42,105.38,9.00%,,29%,https://s.click.aliexpress.com/e/_A9aKNt
Coats & Jackets,200000796,2021 Solid Color Simple Autumn And Winter Fashion Korean Version Of Long Sleeve Loose Woolen Coat High Quality Windproof Coat.,1005003321132102,https://ae01.alicdn.com/kf/H7705e8d9040945ac86216fbf1717facen/2021-Solid-Color-Simple-Autumn-And-Winter-Fashion-Korean-Version-Of-Long-Sleeve-Loose-Woolen-Coat.jpg_220x220.jpg,"https://ae04.alicdn.com/kf/H7705e8d9040945ac86216fbf1717facen.jpg,https://ae04.alicdn.com/kf/Hf55f8bd86ed046dca4e6878eb905f41eE.jpg,https://ae04.alicdn.com/kf/Hf79cf5265be540d29484733c609165d2d.jpg,https://ae04.alicdn.com/kf/H116eb26276dc4ab1b0c4c1599b1411f23.jpg,https://ae04.alicdn.com/kf/Hc972b00255254b93b6ffa0a08667a1b19.jpg,",https://www.aliexpress.com/item/1005003321132102.html,30.99,30.99,12.00%,,0%,https://s.click.aliexpress.com/e/_AdeG0r
Coats & Jackets,200000796,New Winter Best-selling Women's Down Jacket Fashion Loose Thick Warm Jacket Women Outdoor Leisure Mid-length Cotton Jacket,1005001616507498,https://ae01.alicdn.com/kf/Hf97d3dd653554292bffa5f0e205d67f39/New-Winter-Best-selling-Women-s-Down-Jacket-Fashion-Loose-Thick-Warm-Jacket-Women-Outdoor-Leisure.jpg_220x220.jpg,"https://ae04.alicdn.com/kf/Hf97d3dd653554292bffa5f0e205d67f39.jpg,https://ae04.alicdn.com/kf/Ha19de1dfc7ce4a4986155ad1c168495fG.jpg,https://ae04.alicdn.com/kf/Hdc32e3119839485f89df69c8f64ebfc2V.jpg,https://ae04.alicdn.com/kf/H5866b43b435d44cea3bdabb28824e1b0t.jpg,https://ae04.alicdn.com/kf/H8cdc95e121c14f84b691fe6f26f55cb6g.jpg,",https://www.aliexpress.com/item/1005001616507498.html,80.36,57.06,9.00%,,29%,https://s.click.aliexpress.com/e/_A98rv9
Coats & Jackets,200000796,MOLAN Leopard-Print Denim Jacket Woman Spring Autumn Long Sleeve Fashion Jeans Casual Vintage Jean Coat Female Chic Outwear Top,1005002586605657,https://ae01.alicdn.com/kf/H5511b1eb9d9549158c66dac79d2a2f9eu/MOLAN-Leopard-Print-Denim-Jacket-Woman-Spring-Autumn-Long-Sleeve-Fashion-Jeans-Casual-Vintage-Jean-Coat.png_220x220.png,"https://ae04.alicdn.com/kf/H5511b1eb9d9549158c66dac79d2a2f9eu.png,https://ae04.alicdn.com/kf/H4521919d45f94f228e53c8d5e4fa55a7P.jpg,https://ae04.alicdn.com/kf/H6fd4653c173b4eec8ffdfb655de092e86.jpg,https://ae04.alicdn.com/kf/H6380efab1f664d30a055933b5ce59032z.jpg,https://ae04.alicdn.com/kf/He5cad20f7f8c44ffa0f84faf99a1e5e6I.jpg,",https://www.aliexpress.com/item/1005002586605657.html,35.70,21.78,10.00%,,39%,https://s.click.aliexpress.com/e/_Adghy7
Coats & Jackets,200000796,Lulu Winter Naked Yoga Gear Grinding MAO Collar Cultivate One's Morality Feeling Female Fitness Jacket Zipper Recreational Coat,1005003793799318,https://ae01.alicdn.com/kf/H590565a1f78a4171a19d353ddaf30f3aI/Lulu-Winter-Naked-Yoga-Gear-Grinding-MAO-Collar-Cultivate-One-s-Morality-Feeling-Female-Fitness-Jacket.jpg_220x220.jpg,"https://ae04.alicdn.com/kf/H590565a1f78a4171a19d353ddaf30f3aI.jpg,https://ae04.alicdn.com/kf/Hf292c216566d41149be181dd33eb81bdc.jpg,https://ae04.alicdn.com/kf/H131cbcfa01db42fe88eea44806fd1bc53.jpg,https://ae04.alicdn.com/kf/Hc0155ca3a7544dfe9cb7c7b58c7bf8a6q.jpg,https://ae04.alicdn.com/kf/Hff9f38977c8343a0af8b660108ef5cbfH.jpg,",https://www.aliexpress.com/item/1005003793799318.html,25.80,25.80,15.00%,,0%,https://s.click.aliexpress.com/e/_A33zBD
Coats & Jackets,200000796,Women Zipper Motorcycle Biker Soft Faux Leather Jacket 2020 Spring Autumn Black Burgundy Pu Coat Notched Slim Fit Outwear,32803640700,https://ae01.alicdn.com/kf/Hcb90cb46fccd45b9a768b257018d7580J/Women-Zipper-Motorcycle-Biker-Soft-Faux-Leather-Jacket-2020-Spring-Autumn-Black-Burgundy-Pu-Coat-Notched.jpg_220x220.jpg,"https://ae04.alicdn.com/kf/Hcb90cb46fccd45b9a768b257018d7580J.jpg,https://ae04.alicdn.com/kf/H7e16e2ead96a4bc98d7967bb09bca1317.jpg,https://ae04.alicdn.com/kf/He1bdf00a5c1b4cccab125c22eba033abT.jpg,https://ae04.alicdn.com/kf/Hb71b438d1d4a4b458dd6002557e5d57bd.jpg,",https://www.aliexpress.com/item/32803640700.html,39.88,35.89,9.00%,,10%,https://s.click.aliexpress.com/e/_AkDX6X
Coats & Jackets,200000796,Autumn Winter Sweater Vest 2021 Fashion V-neck Short Top Orange Color Contrast Sleeveless Sweater Vest Women Pull Femme Clothes,1005003351810181,https://ae01.alicdn.com/kf/Habd3df7e17464781ae5a028faa25a712M/Autumn-Winter-Sweater-Vest-2021-Fashion-V-neck-Short-Top-Orange-Color-Contrast-Sleeveless-Sweater-Vest.jpg_220x220.jpg,"https://ae04.alicdn.com/kf/Habd3df7e17464781ae5a028faa25a712M.jpg,https://ae04.alicdn.com/kf/H8b16c8a49dd24d8faf2ad85e87f155f54.jpg,https://ae04.alicdn.com/kf/Hc5ac26a628ef42b6a28e9050346a77e4a.jpg,https://ae04.alicdn.com/kf/H6f77025da7a34cd786f5f7c06a77aedbO.jpg,https://ae04.alicdn.com/kf/H716cb9cfcee04b0eba9cfa3af9f781c16.jpg,",https://www.aliexpress.com/item/1005003351810181.html,167.00,83.50,10.00%,,50%,https://s.click.aliexpress.com/e/_AWSaPl
Coats & Jackets,200000796,Autumn Winter Women's Oversized Jacket Long Sleeve Hooded Zipper Jacket Faux Fur Teddy Coat Plush Jacket Hoodie Female 2021,1005003302928273,https://ae01.alicdn.com/kf/H789a274b130945ab8dcd37b6128d54dav/Autumn-Winter-Women-s-Oversized-Jacket-Long-Sleeve-Hooded-Zipper-Jacket-Faux-Fur-Teddy-Coat-Plush.jpg_220x220.jpg,"https://ae04.alicdn.com/kf/H789a274b130945ab8dcd37b6128d54dav.jpg,https://ae04.alicdn.com/kf/Hb6473bcb4a5b4e57b224cb280c19e8a4M.jpg,https://ae04.alicdn.com/kf/Hddaf0934b6f94bba8df65aa0678b65b2m.jpg,https://ae04.alicdn.com/kf/Hb5550308603646f9bed21c4cc3acc2a6P.jpg,https://ae04.alicdn.com/kf/H899c3ddc8c674e4d9b03711431503114D.jpg,",https://www.aliexpress.com/item/1005003302928273.html,54.98,32.99,9.00%,,40%,https://s.click.aliexpress.com/e/_9yWMSF
Coats & Jackets,200000796,White Fur Coat Women's Winter New Temperament Ladies Small Xiangfeng Imitation Fox Fur Cardigan Coat,1005003751015313,https://ae01.alicdn.com/kf/S98efb5d2774b4bf19b64c1c2413dd315l/White-Fur-Coat-Women-s-Winter-New-Temperament-Ladies-Small-Xiangfeng-Imitation-Fox-Fur-Cardigan-Coat.jpg_220x220.jpg,"https://ae04.alicdn.com/kf/S98efb5d2774b4bf19b64c1c2413dd315l.jpg,https://ae04.alicdn.com/kf/S5c5bb61730e644bc83a9a889afee6cbaL.jpg,https://ae04.alicdn.com/kf/S5e9933c2382f4c5d835c1897d91c2c3cD.jpg,https://ae04.alicdn.com/kf/Sac75f84b16664f5b8db03abf7ab08cc4r.jpg,https://ae04.alicdn.com/kf/S19560210b4084ff389972c2e21bfddf5Z.jpg,",https://www.aliexpress.com/item/1005003751015313.html,23.40,14.04,20.00%,,40%,https://s.click.aliexpress.com/e/_ApT35l
Coats & Jackets,200000796,2021 Autumn New Fashion Solid Color Lapel Slim Top Fashion Faux Leather Pleated Breasted Slim Shirt Jackets Women куртка женская,1005003362966832,https://ae01.alicdn.com/kf/H8945be2a38b74c3da2a7b1c53272c1e4U/2021-Autumn-New-Fashion-Solid-Color-Lapel-Slim-Top-Fashion-Faux-Leather-Pleated-Breasted-Slim-Shirt.jpg_220x220.jpg,"https://ae04.alicdn.com/kf/H8945be2a38b74c3da2a7b1c53272c1e4U.jpg,https://ae04.alicdn.com/kf/H89ecd9b0b9274c6597e852ae7bb388f1r.jpg,https://ae04.alicdn.com/kf/Hbd46cafa19e842408112594a3d2c47b6J.jpg,https://ae04.alicdn.com/kf/H134aac8c36f8436e93212667f797f796m.jpg,https://ae04.alicdn.com/kf/H5ff4919f6bf540deab6db05680bd805bN.jpg,",https://www.aliexpress.com/item/1005003362966832.html,203.00,101.50,10.00%,,50%,https://s.click.aliexpress.com/e/_9At3xt
Coats & Jackets,200000796,Women's Winter Fashion Temperament Solid Color High Neck Sleeveless Warm Button Bright Cotton Vest Jacket Vest Women Clothes,1005003374536422,https://ae01.alicdn.com/kf/H11db791346864064b553d464095a257ep/Women-s-Winter-Fashion-Temperament-Solid-Color-High-Neck-Sleeveless-Warm-Button-Bright-Cotton-Vest-Jacket.jpg_220x220.jpg,"https://ae04.alicdn.com/kf/H11db791346864064b553d464095a257ep.jpg,https://ae04.alicdn.com/kf/H9a7f2a88de8d48e3886bf3418b6b2f1aI.jpg,https://ae04.alicdn.com/kf/H4beb024a15c94185a63cf4b8ad8a5e627.jpg,https://ae04.alicdn.com/kf/H8d76e83e214d4d1a9d736a622ed0feb53.jpg,https://ae04.alicdn.com/kf/H809ea58f790749a28f2aed43a94ef344K.jpg,",https://www.aliexpress.com/item/1005003374536422.html,247.00,123.50,10.00%,,50%,https://s.click.aliexpress.com/e/_Ac8dZd
Coats & Jackets,200000796,2021 Popular Women's Fashion Solid Color Autumn Winter Long Sleeve Suit Collar Double Breasted Wool Coat Brown пальто женское,1005003358376682,https://ae01.alicdn.com/kf/Haa9ef8f3a335412692bdf4268c3e2cf3T/2021-Popular-Women-s-Fashion-Solid-Color-Autumn-Winter-Long-Sleeve-Suit-Collar-Double-Breasted-Wool.jpg_220x220.jpg,"https://ae04.alicdn.com/kf/Haa9ef8f3a335412692bdf4268c3e2cf3T.jpg,https://ae04.alicdn.com/kf/H6aa705cd8d394b53b01da1e43fa5929eZ.jpg,https://ae04.alicdn.com/kf/H524257b63b3b42e0a28fc101cdc26f36D.jpg,https://ae04.alicdn.com/kf/Hde5aa937d8c546dfb74a61ce44a91df7C.jpg,https://ae04.alicdn.com/kf/H1871d856647149edb4eca2c4a59551c76.jpg,",https://www.aliexpress.com/item/1005003358376682.html,220.00,110.00,10.00%,,50%,https://s.click.aliexpress.com/e/_AsQHqf
Coats & Jackets,200000796,Women's 2021 Winter New Korean Stand Collar Loose Student Padded Clothes Warm Bread Clothes Cotton Padded Jacket куртка женская,1005003375381160,https://ae01.alicdn.com/kf/He443bd4a16674ef0b05e4c3b860df18cY/Women-s-2021-Winter-New-Korean-Stand-Collar-Loose-Student-Padded-Clothes-Warm-Bread-Clothes-Cotton.jpg_220x220.jpg,"https://ae04.alicdn.com/kf/He443bd4a16674ef0b05e4c3b860df18cY.jpg,https://ae04.alicdn.com/kf/H57999a633e0542298f9d83671b10e1e1o.jpg,https://ae04.alicdn.com/kf/H06b7ccd3767d4a278727f680d482431aS.jpg,https://ae04.alicdn.com/kf/H7384c8aef9b549afbf79ef98fd8fd34bP.jpg,https://ae04.alicdn.com/kf/H6034c82147954dfbaf054e1bcf4b1f5a6.jpg,",https://www.aliexpress.com/item/1005003375381160.html,472.00,236.00,10.00%,,50%,https://s.click.aliexpress.com/e/_APeONZ
Coats & Jackets,200000796,Down Jacket Female 2021 Fashion  Autumn Winter Street Black Jacket Sportswear Short Loose Warm Coats and Jackets куртка женская,1005003379771115,https://ae01.alicdn.com/kf/H83b174b9fe234446832adcdee0b861c3f/Down-Jacket-Female-2021-Fashion-Autumn-Winter-Street-Black-Jacket-Sportswear-Short-Loose-Warm-Coats-and.jpg_220x220.jpg,"https://ae04.alicdn.com/kf/H83b174b9fe234446832adcdee0b861c3f.jpg,https://ae04.alicdn.com/kf/H6633d32b55374c04816a070e9856ed98A.jpg,https://ae04.alicdn.com/kf/H432f5b4a782146f7937ee6786c08ef19J.jpg,https://ae04.alicdn.com/kf/Hf15f071ef127437e82ebb5450c29275br.jpg,https://ae04.alicdn.com/kf/Hd306426ff1064e628c268f8c17720d31E.jpg,",https://www.aliexpress.com/item/1005003379771115.html,282.00,141.00,10.00%,,50%,https://s.click.aliexpress.com/e/_A8XZWB
Coats & Jackets,200000796,2020 Popular Fashion Temperament Solid Color Warm Cotton Vest Double Breasted Belt Belt Cotton Extended Vest Top Coat Women Vest,1005003359189281,https://ae01.alicdn.com/kf/H14defdd4a74a47a0815e3504be6d851e0/2020-Popular-Fashion-Temperament-Solid-Color-Warm-Cotton-Vest-Double-Breasted-Belt-Belt-Cotton-Extended-Vest.jpg_220x220.jpg,"https://ae04.alicdn.com/kf/H14defdd4a74a47a0815e3504be6d851e0.jpg,https://ae04.alicdn.com/kf/Hedb5091e797e400bbfa80eab4dd19fc6k.jpg,https://ae04.alicdn.com/kf/Hd61de8a995694597aeec418941acd6bf8.jpg,https://ae04.alicdn.com/kf/Haaa1d1bacc214042b9e04af64a28f255i.jpg,https://ae04.alicdn.com/kf/Hcca1af88d3064ac09561a2907fd04672I.jpg,",https://www.aliexpress.com/item/1005003359189281.html,268.00,134.00,10.00%,,50%,https://s.click.aliexpress.com/e/_A0Mts3
Coats & Jackets,200000796,Women's Autumn Winter Puffer Jacket 2021 Fashion Turtleneck Zipper Cropped Padded Parka Jacket Thick Warm Bubble Coat Y2K,1005003434710051,https://ae01.alicdn.com/kf/H868ea0b8a9254ba98002903bea3b06fb3/Women-s-Autumn-Winter-Puffer-Jacket-2021-Fashion-Turtleneck-Zipper-Cropped-Padded-Parka-Jacket-Thick-Warm.jpg_220x220.jpg,"https://ae04.alicdn.com/kf/H868ea0b8a9254ba98002903bea3b06fb3.jpg,https://ae04.alicdn.com/kf/H3dd6fa7020544c84bde0b2b5d46c68b3N.jpg,https://ae04.alicdn.com/kf/H4d45206cd5514c5d9f264b2582faec99m.jpg,https://ae04.alicdn.com/kf/Hdd7548d3b135471d9eb514c21e81119am.jpg,https://ae04.alicdn.com/kf/Hea99783487b84c9494fc426291ab5f01j.jpg,",https://www.aliexpress.com/item/1005003434710051.html,48.32,28.99,9.00%,,40%,https://s.click.aliexpress.com/e/_9ffmIb
Coats & Jackets,200000796,2021 Autumn Fashion Solid Color Commuter Solid Color Bright Face Jacket Waist Length Ladies Coats and Jackets куртка женская,1005003387137976,https://ae01.alicdn.com/kf/H843c24909efc47ca965134aaba8b91cbQ/2021-Autumn-Fashion-Solid-Color-Commuter-Solid-Color-Bright-Face-Jacket-Waist-Length-Ladies-Coats-and.jpg_220x220.jpg,"https://ae04.alicdn.com/kf/H843c24909efc47ca965134aaba8b91cbQ.jpg,https://ae04.alicdn.com/kf/H11f2d16ccd4e464d8be9564f21f120488.jpg,https://ae04.alicdn.com/kf/H6f4748836c3d4172a0ea7d558306a27eR.jpg,https://ae04.alicdn.com/kf/H081cee22a032440cadae15a1cd206806n.jpg,https://ae04.alicdn.com/kf/H888cefcd86324d84bf7f77f014f33110s.jpg,",https://www.aliexpress.com/item/1005003387137976.html,385.00,192.50,10.00%,,50%,https://s.click.aliexpress.com/e/_9HGHyx
Coats & Jackets,200000796,2021 New Spring Stand Collar Black Fashion Pu Coat Women's Elegant Temperament Loose Large Straight Simple Vest Women's Wear,1005003345419318,https://ae01.alicdn.com/kf/H8e580b5d50cd4520afc4b07babd82160r/2021-New-Spring-Stand-Collar-Black-Fashion-Pu-Coat-Women-s-Elegant-Temperament-Loose-Large-Straight.jpg_220x220.jpg,"https://ae04.alicdn.com/kf/H8e580b5d50cd4520afc4b07babd82160r.jpg,https://ae04.alicdn.com/kf/He8afe30139c94127893c240fff2d19f2m.jpg,https://ae04.alicdn.com/kf/H9729207fcd164883891ab4ed5b15dedda.jpg,https://ae04.alicdn.com/kf/H7b1c7da38f2242989ca7cf63b1751195M.jpg,https://ae04.alicdn.com/kf/Ha119810413c94bfaaf50d3ad54321d96G.jpg,",https://www.aliexpress.com/item/1005003345419318.html,367.00,183.50,10.00%,,50%,https://s.click.aliexpress.com/e/_9I0jLp
Coats & Jackets,200000796,Windbreaker Jacket Women's Spring and Autumn Thin Section 2021 New Korean Style Small British Style Long Coat,1005003750938752,https://ae01.alicdn.com/kf/Sf50a4f79474441a9ba79e145a49bfb02r/Windbreaker-Jacket-Women-s-Spring-and-Autumn-Thin-Section-2021-New-Korean-Style-Small-British-Style.jpg_220x220.jpg,"https://ae04.alicdn.com/kf/Sf50a4f79474441a9ba79e145a49bfb02r.jpg,https://ae04.alicdn.com/kf/S8192e8a624e241ba874022ab2c6ea482r.jpg,https://ae04.alicdn.com/kf/S7f5110ea438a4de58fe28ad42bb2b87f2.jpg,https://ae04.alicdn.com/kf/S127e9421d3884c2ea3a1a46f1488575dE.jpg,https://ae04.alicdn.com/kf/Sb09158dbd09d46d6928cccc0fedbad9db.jpg,",https://www.aliexpress.com/item/1005003750938752.html,41.93,25.16,20.00%,,40%,https://s.click.aliexpress.com/e/_AXlzx1
Coats & Jackets,200000796,Women's Winter Jacket 2020 Cotton Clothes Fashion Corduroy Long Sleeve Stand Collar Loose Jacket Clothes куртка женская Jackets,1005003362875687,https://ae01.alicdn.com/kf/H4e97d5f03cb843deb828808770cc5970Q/Women-s-Winter-Jacket-2020-Cotton-Clothes-Fashion-Corduroy-Long-Sleeve-Stand-Collar-Loose-Jacket-Clothes.jpg_220x220.jpg,"https://ae04.alicdn.com/kf/H4e97d5f03cb843deb828808770cc5970Q.jpg,https://ae04.alicdn.com/kf/H1ee2d70de981460babd22652d914fa16U.jpg,https://ae04.alicdn.com/kf/H50fbb9fdda19439ea0b50f7e824670d0O.jpg,https://ae04.alicdn.com/kf/Hd9891543ecd34068b5f4c5aa38094ff5s.jpg,https://ae04.alicdn.com/kf/H74a9afe0972147ffae0e244524f4f2faT.jpg,",https://www.aliexpress.com/item/1005003362875687.html,305.00,152.50,10.00%,,50%,https://s.click.aliexpress.com/e/_9fdpt9
Coats & Jackets,200000796,Autumn and Winter Retro Knitted Mink Fluffy Coat Women 2021 New Style Small Fragrant Wind V-neck Short Cardigan Top,1005003741389036,https://ae01.alicdn.com/kf/S9a6b5861eac2435da124c4406bebd16bZ/Autumn-and-Winter-Retro-Knitted-Mink-Fluffy-Coat-Women-2021-New-Style-Small-Fragrant-Wind-V.jpg_220x220.jpg,"https://ae04.alicdn.com/kf/S9a6b5861eac2435da124c4406bebd16bZ.jpg,https://ae04.alicdn.com/kf/S12081c42b77448bfa0b9c0eec492d1c7h.jpg,https://ae04.alicdn.com/kf/Sf4ff778771794d3d99ffc5b9f8adbf97L.jpg,https://ae04.alicdn.com/kf/S210c71f861e642c9937cff54efe824715.jpg,https://ae04.alicdn.com/kf/S98e3a8d7ccd143cc97ffb909008541176.jpg,",https://www.aliexpress.com/item/1005003741389036.html,31.39,18.83,20.00%,,40%,https://s.click.aliexpress.com/e/_A2vmnH
Coats & Jackets,200000796,Knitted Solid Color Vest Women's Cardigan Sleeveless Outside Wearing Waistcoat Outside with 2021 Fashion Sweater Pull Femme,1005003365249338,https://ae01.alicdn.com/kf/H7ab42b972dff4938b02a01ec384bc683e/Knitted-Solid-Color-Vest-Women-s-Cardigan-Sleeveless-Outside-Wearing-Waistcoat-Outside-with-2021-Fashion-Sweater.jpg_220x220.jpg,"https://ae04.alicdn.com/kf/H7ab42b972dff4938b02a01ec384bc683e.jpg,https://ae04.alicdn.com/kf/H27bbc8e579ac4c799a0b9ac354967aa0E.jpg,https://ae04.alicdn.com/kf/H89726f118b5c4a228cb8cb704ee73455M.jpg,https://ae04.alicdn.com/kf/Hbf81b5fe07b24dadabf0d74e23a7fdc4s.jpg,https://ae04.alicdn.com/kf/Hcebfe823bb524104bd1d95a949d4da7ex.jpg,",https://www.aliexpress.com/item/1005003365249338.html,177.00,88.50,10.00%,,50%,https://s.click.aliexpress.com/e/_AVIdaJ
Coats & Jackets,200000796,O-neck Cashmere Sweater Women Winter Warm Coat Stripe Tassel Shawl Ponchos Capes Womens Knitwear Top Clothes 2020 Fashion,4001256111544,https://ae01.alicdn.com/kf/H245554b554c44912a5a773574bc69dac2/O-neck-Cashmere-Sweater-Women-Winter-Warm-Coat-Stripe-Tassel-Shawl-Ponchos-Capes-Womens-Knitwear-Top.jpg_220x220.jpg,"https://ae04.alicdn.com/kf/H245554b554c44912a5a773574bc69dac2.jpg,https://ae04.alicdn.com/kf/H8c005007b3a94fd4819bac54491dc94cl.jpg,https://ae04.alicdn.com/kf/H3c4fdf38b1ec443890365f0a956da2c5j.jpg,https://ae04.alicdn.com/kf/H5e63326401b240cb92a47823e20ce550L.jpg,",https://www.aliexpress.com/item/4001256111544.html,39.14,15.66,13.00%,,60%,https://s.click.aliexpress.com/e/_9HEu0X
Coats & Jackets,200000796,11.11 2021 Autumn and Winter New Women's Wear Cotton Clothes Solid Color Loose Pocket Zipper Cotton Vest Sleepless Jacket Women,1005003365382006,https://ae01.alicdn.com/kf/H573a53ec1bf347b5b493e4220a256432s/11-11-2021-Autumn-and-Winter-New-Women-s-Wear-Cotton-Clothes-Solid-Color-Loose-Pocket.jpg_220x220.jpg,"https://ae04.alicdn.com/kf/H573a53ec1bf347b5b493e4220a256432s.jpg,https://ae04.alicdn.com/kf/H605c5f4c67154e2898454f49454286005.jpg,https://ae04.alicdn.com/kf/He98ea91bb58e403289a461a5d42057e6L.jpg,https://ae04.alicdn.com/kf/H6f8c37f99bd747bab2fc1c3ed87fe83dC.jpg,https://ae04.alicdn.com/kf/Hf55ab7f955f140c99a07a2e498866dbby.jpg,",https://www.aliexpress.com/item/1005003365382006.html,335.00,167.50,10.00%,,50%,https://s.click.aliexpress.com/e/_AFN6m3
Coats & Jackets,200000796,Design Sense Knitting Small Fragrance Style Ladies Stand-up Collar Senior New Coat Jacket Female Autumn and Winter,1005003750992436,https://ae01.alicdn.com/kf/S66db817e59ca40b8b9ebdb683da3a9beo/Design-Sense-Knitting-Small-Fragrance-Style-Ladies-Stand-up-Collar-Senior-New-Coat-Jacket-Female-Autumn.jpg_220x220.jpg,"https://ae04.alicdn.com/kf/S66db817e59ca40b8b9ebdb683da3a9beo.jpg,https://ae04.alicdn.com/kf/S350d0b107d144961baa8773ca7462684G.jpg,https://ae04.alicdn.com/kf/S6c21a95c0e4445b097d1818f5b8d587eU.jpg,https://ae04.alicdn.com/kf/S664dfee7a0094954ac1952ef86621236j.jpg,https://ae04.alicdn.com/kf/S5e8a106b3f0e4b49b439143143f630des.jpg,",https://www.aliexpress.com/item/1005003750992436.html,29.99,17.99,20.00%,,40%,https://s.click.aliexpress.com/e/_APgLvz
Coats & Jackets,200000796,Women's Winter Jacket Fashion Solid Color Hooded Down Korean Loose Thickened Bread Fashion Warm Down Coat Clothes куртка женская,1005003370040295,https://ae01.alicdn.com/kf/Hec336465ddb14287a3291fd408290c706/Women-s-Winter-Jacket-Fashion-Solid-Color-Hooded-Down-Korean-Loose-Thickened-Bread-Fashion-Warm-Down.jpg_220x220.jpg,"https://ae04.alicdn.com/kf/Hec336465ddb14287a3291fd408290c706.jpg,https://ae04.alicdn.com/kf/H1e3e2a46bb864f8dac8f6dfc1fa7866bx.jpg,https://ae04.alicdn.com/kf/H1d3afa2ed9b74f6f8978e56c5d7a7ba36.jpg,https://ae04.alicdn.com/kf/H2def5eb7985a46129bf27e86b6160ac0J.jpg,https://ae04.alicdn.com/kf/H81cfcdf0262e4e7181a6fc9f6ce39439i.jpg,",https://www.aliexpress.com/item/1005003370040295.html,542.00,271.00,10.00%,,50%,https://s.click.aliexpress.com/e/_A9zU0f
Coats & Jackets,200000796,Women's Winter Jacket 2021 Winter Padded Long Sleeve Zipper Warm Loose Solid Cotton Padded Clothes Top Jacket куртка женская,1005003362912331,https://ae01.alicdn.com/kf/H7caf58d8bb684fdb8b91e4f808642eb23/Women-s-Winter-Jacket-2021-Winter-Padded-Long-Sleeve-Zipper-Warm-Loose-Solid-Cotton-Padded-Clothes.jpg_220x220.jpg,"https://ae04.alicdn.com/kf/H7caf58d8bb684fdb8b91e4f808642eb23.jpg,https://ae04.alicdn.com/kf/H56a5789bab304319ab929b39c3cfe3afU.jpg,https://ae04.alicdn.com/kf/H3d4970bca54642ddbecf2bcb30929a32A.jpg,https://ae04.alicdn.com/kf/H993370b632974a399a3832837bbbbaffY.jpg,https://ae04.alicdn.com/kf/Ha289ac925ad344cba7536861833ed5b8A.jpg,",https://www.aliexpress.com/item/1005003362912331.html,241.00,120.50,10.00%,,50%,https://s.click.aliexpress.com/e/_AdsbBt
Coats & Jackets,200000796,Women's winter jacket Street Fashion Urban Leisure Loose Large Solid Color Short Cotton Winter Clothes Women Top куртка женская,1005003359288710,https://ae01.alicdn.com/kf/Hbadbc43c46624a449c7bcbce7b0e51cbM/Women-s-winter-jacket-Street-Fashion-Urban-Leisure-Loose-Large-Solid-Color-Short-Cotton-Winter-Clothes.jpg_220x220.jpg,"https://ae04.alicdn.com/kf/Hbadbc43c46624a449c7bcbce7b0e51cbM.jpg,https://ae04.alicdn.com/kf/H34db772aebdc45e6b4068e2b015f9746i.jpg,https://ae04.alicdn.com/kf/H11c7618bdc9d4338b7386631eb6afc9cc.jpg,https://ae04.alicdn.com/kf/H461bc38aedd241efa5aa97cf925f84581.jpg,https://ae04.alicdn.com/kf/Hfbd1cb3dd2d440d998df270717e9aaf5o.jpg,",https://www.aliexpress.com/item/1005003359288710.html,401.00,200.50,10.00%,,50%,https://s.click.aliexpress.com/e/_At6ijd
Coats & Jackets,200000796,2021 Autumn Women's Fashion Loose Large Yellow Knitted Vest Round Neck Twist Knitted Pullover Short Outer Wear Top Pull Femme,1005003356734191,https://ae01.alicdn.com/kf/H0b62697e962848309de54efef7457542o/2021-Autumn-Women-s-Fashion-Loose-Large-Yellow-Knitted-Vest-Round-Neck-Twist-Knitted-Pullover-Short.jpg_220x220.jpg,"https://ae04.alicdn.com/kf/H0b62697e962848309de54efef7457542o.jpg,https://ae04.alicdn.com/kf/H2e0525724e5444ba921541947c4d851bH.jpg,https://ae04.alicdn.com/kf/Hda66a96e5f0d4e3b8cda5e14bd9fc42eF.jpg,https://ae04.alicdn.com/kf/H4aa7f7be6cdb422bbd30ea5190868d87t.jpg,https://ae04.alicdn.com/kf/H8f4ad5ed8c8743f792f511e6c6649256F.jpg,",https://www.aliexpress.com/item/1005003356734191.html,179.00,89.50,10.00%,,50%,https://s.click.aliexpress.com/e/_As4JuL
Coats & Jackets,200000796,Vest Female New Fashion Solid Color Down Cotton Vest Short Student Outer Vest Korean Loose Waistcoat Mother Fashion Woman Jacket,1005003371579527,https://ae01.alicdn.com/kf/Ha6d03a93391048edb256b7a3afbd60d86/Vest-Female-New-Fashion-Solid-Color-Down-Cotton-Vest-Short-Student-Outer-Vest-Korean-Loose-Waistcoat.jpg_220x220.jpg,"https://ae04.alicdn.com/kf/Ha6d03a93391048edb256b7a3afbd60d86.jpg,https://ae04.alicdn.com/kf/Hbe6535546bd846e399cbb54e4ce702feh.jpg,https://ae04.alicdn.com/kf/H86f1ddc352794f4c81a53a48ba52ea81i.jpg,https://ae04.alicdn.com/kf/H5c7bbad4a83343d28f22307417bea19aQ.jpg,https://ae04.alicdn.com/kf/Ha350b6955bf949f68e63e393bdd0ccd9I.jpg,",https://www.aliexpress.com/item/1005003371579527.html,177.00,88.50,10.00%,,50%,https://s.click.aliexpress.com/e/_9xwPdH
Coats & Jackets,200000796,Long Vest Cotton Clothes 2021 Winter Fashion Temperament Solid Color Simple Loose Large Pocket Warm Vest Cotton Blouse Woman,1005003374746963,https://ae01.alicdn.com/kf/H985f0661447943399ded174797eef3593/Long-Vest-Cotton-Clothes-2021-Winter-Fashion-Temperament-Solid-Color-Simple-Loose-Large-Pocket-Warm-Vest.jpg_220x220.jpg,"https://ae04.alicdn.com/kf/H985f0661447943399ded174797eef3593.jpg,https://ae04.alicdn.com/kf/Ha92086d115b24a3b8673e3065d887cb7O.jpg,https://ae04.alicdn.com/kf/H7479623e43654f4e9629b11ccc7d111dS.jpg,https://ae04.alicdn.com/kf/H9dff7e6fccf3466a90fa116264035ace6.jpg,https://ae04.alicdn.com/kf/Hb731405f269e4e96889841a6e888f973U.jpg,",https://www.aliexpress.com/item/1005003374746963.html,300.00,150.00,10.00%,,50%,https://s.click.aliexpress.com/e/_A2noh1
Coats & Jackets,200000796,PU Leather Coat Women's Fashion 2021 Street Shooting Fashion Bright Lapel Zipper Coat Loose Jacket Casual Coat куртка женская,1005003360947749,https://ae01.alicdn.com/kf/He792d55b99344a55bd5562dc54aba9e3l/PU-Leather-Coat-Women-s-Fashion-2021-Street-Shooting-Fashion-Bright-Lapel-Zipper-Coat-Loose-Jacket.jpg_220x220.jpg,"https://ae04.alicdn.com/kf/He792d55b99344a55bd5562dc54aba9e3l.jpg,https://ae04.alicdn.com/kf/H173b6bb013d041b9baeedd28fe073313o.jpg,https://ae04.alicdn.com/kf/H0bafcc4292aa43fb8633e9ac7a80a68bl.jpg,https://ae04.alicdn.com/kf/H3e69b07be20946af8e3ae93414b0b7c5g.jpg,https://ae04.alicdn.com/kf/Hfe3bb916eac44cb9aed03445eb289a319.jpg,",https://www.aliexpress.com/item/1005003360947749.html,258.00,129.00,10.00%,,50%,https://s.click.aliexpress.com/e/_A93XcL
Coats & Jackets,200000796,2021 New Jacket Women Winter 6 Colors Casual Warm Coat Femme Parkas with Belt Hooded Korean Style Black Autumn Female Clothing,1005001560227590,https://ae01.alicdn.com/kf/H5450933ceccd4a61ab4d156f67f1f93bP/2021-New-Jacket-Women-Winter-6-Colors-Casual-Warm-Coat-Femme-Parkas-with-Belt-Hooded-Korean.jpg_220x220.jpg,"https://ae04.alicdn.com/kf/H5450933ceccd4a61ab4d156f67f1f93bP.jpg,https://ae04.alicdn.com/kf/Hdd138007aef24430a3d4dc1a48878d50i.jpg,https://ae04.alicdn.com/kf/H33671dba216e45b5ad49556b8d552026N.jpg,https://ae04.alicdn.com/kf/H722622f88899405d8b177e237e21e4506.jpg,https://ae04.alicdn.com/kf/Hdb6145fb1dc843fea364bca747a982caw.jpg,",https://www.aliexpress.com/item/1005001560227590.html,49.69,36.77,15.00%,,26%,https://s.click.aliexpress.com/e/_AUCZ3Z
Coats & Jackets,200000796,2020 Winter Checked Women Jacket Turn Down Overcoat Thin Plaid Long Coat Oversize Thin Retro Female Streetwear Shirt Jacket,1005003140689690,https://ae01.alicdn.com/kf/He0f6ce8b26fa4179a0b1972561622c92r/2020-Winter-Checked-Women-Jacket-Turn-Down-Overcoat-Thin-Plaid-Long-Coat-Oversize-Thin-Retro-Female.jpg_220x220.jpg,"https://ae04.alicdn.com/kf/He0f6ce8b26fa4179a0b1972561622c92r.jpg,https://ae04.alicdn.com/kf/Hfacd2ae4e2be4a71aa95b4a5f41ec1777.jpg,https://ae04.alicdn.com/kf/Hcce282a4558745b5a0f48a3e872fd631y.jpg,https://ae04.alicdn.com/kf/Hb6487909ecc24f7ea73129b4cf3a0a40e.jpg,https://ae04.alicdn.com/kf/H0293ef2e78c446b390e1787a15d180f94.jpg,",https://www.aliexpress.com/item/1005003140689690.html,19.80,11.29,9.00%,,43%,https://s.click.aliexpress.com/e/_AqVOFl
Coats & Jackets,200000796,WeiYao Gothic Embroider Knited Women's Outwear Dark Academic Casual Preppy Style Coats Autumn Winter Long Sleeve Sweatshirt,1005003769119121,https://ae01.alicdn.com/kf/S031d33afc2704bf9b080a3a7126052a5b/WeiYao-Gothic-Embroider-Knited-Women-s-Outwear-Dark-Academic-Casual-Preppy-Style-Coats-Autumn-Winter-Long.jpg_220x220.jpg,"https://ae04.alicdn.com/kf/S031d33afc2704bf9b080a3a7126052a5b.jpg,https://ae04.alicdn.com/kf/S87bd1714d966406fad0749ebf64bdd56p.jpg,https://ae04.alicdn.com/kf/S82742247ceb04e519f206be9418604edD.jpg,https://ae04.alicdn.com/kf/S7d43db50407b4746a56854d728a24acaK.jpg,https://ae04.alicdn.com/kf/S787232ef6f084c53ad8a91d4d1df8a35A.jpg,",https://www.aliexpress.com/item/1005003769119121.html,25.44,13.99,9.00%,,45%,https://s.click.aliexpress.com/e/_9v1Bu3
Coats & Jackets,200000796,2021 New Women's Vest Jacket Down Cotton Vest Autumn and Winter Jacket Hooded Long Coat Sleeveless Loose Women Vest Snow Suit,1005003664428694,https://ae01.alicdn.com/kf/H0823515fd9fc47afa2ef1e5b19a7c2fcz/2021-New-Women-s-Vest-Jacket-Down-Cotton-Vest-Autumn-and-Winter-Jacket-Hooded-Long-Coat.jpg_220x220.jpg,"https://ae04.alicdn.com/kf/H0823515fd9fc47afa2ef1e5b19a7c2fcz.jpg,https://ae04.alicdn.com/kf/H204a1295bad44c8cad64022197ea18ce2.jpg,https://ae04.alicdn.com/kf/He9818acc61b54c21b3e1d634b575d5f1F.jpg,https://ae04.alicdn.com/kf/Hc45abba342c74a3a8d6e9e550ae8adc8g.jpg,https://ae04.alicdn.com/kf/H66e572b608564ec7b0da588a4f72620aW.jpg,",https://www.aliexpress.com/item/1005003664428694.html,28.00,19.32,9.00%,,31%,https://s.click.aliexpress.com/e/_ANrcAL
Coats & Jackets,200000796,Blue Deconstructable Hooded Turn-down Collar Denim Jacket Women Loose Button Patchwork Outwear Large Size Jean Coat Female,1005001571686179,https://ae01.alicdn.com/kf/Hd92f3da10e4f43b79f0a08fc8405cc3ap/Blue-Deconstructable-Hooded-Turn-down-Collar-Denim-Jacket-Women-Loose-Button-Patchwork-Outwear-Large-Size-Jean.jpg_220x220.jpg,"https://ae04.alicdn.com/kf/Hd92f3da10e4f43b79f0a08fc8405cc3ap.jpg,https://ae04.alicdn.com/kf/H7190bbe6d8d44e0a8071e4506c0dbd001.jpg,https://ae04.alicdn.com/kf/H69ec744255ab4124aa0d1cf0ee8a5fa0v.jpg,https://ae04.alicdn.com/kf/H89dfadd207ac44afa6e1cb7b49212db5G.jpg,https://ae04.alicdn.com/kf/Hdd60795ca70640ff8291542272c0569ch.jpg,",https://www.aliexpress.com/item/1005001571686179.html,46.56,26.07,11.50%,,44%,https://s.click.aliexpress.com/e/_ADc3af
Coats & Jackets,200000796,Women Vests Classic Plaid Waistcoat Sleeveless Single Breasted Suit Vest Office Ladies Workwear Fashion Woman's Vests Mujer,1005003458047565,https://ae01.alicdn.com/kf/H694890a8c90941fbade4cc88cccf8d19E/Women-Vests-Classic-Plaid-Waistcoat-Sleeveless-Single-Breasted-Suit-Vest-Office-Ladies-Workwear-Fashion-Woman-s.jpg_220x220.jpg,"https://ae04.alicdn.com/kf/H694890a8c90941fbade4cc88cccf8d19E.jpg,https://ae04.alicdn.com/kf/Hcf5d67ec9d154cb4b5149b8b667c8785o.jpg,https://ae04.alicdn.com/kf/H2cf70df8838749a9ba52825dbdffb8a3T.jpg,https://ae04.alicdn.com/kf/Hc72eb0b9da0b48368675562a62fe4ce6I.jpg,https://ae04.alicdn.com/kf/H868f78da0b5d4197aeac1932575066e61.jpg,",https://www.aliexpress.com/item/1005003458047565.html,19.97,11.18,11.00%,,44%,https://s.click.aliexpress.com/e/_AnjJVz
Coats & Jackets,200000796,Button Leopard Long Sleeve T-Shirt for Women 90s Vintage V-Neck Tunic Female 2021 Autumn New Casual Womens Clothing Top Tee,1005003197721689,https://ae01.alicdn.com/kf/S8ab1ab60f898498cbce7b5c188bd6bc7O/Button-Leopard-Long-Sleeve-T-Shirt-for-Women-90s-Vintage-V-Neck-Tunic-Female-2021-Autumn.jpg_220x220.jpg,"https://ae04.alicdn.com/kf/S8ab1ab60f898498cbce7b5c188bd6bc7O.jpg,https://ae04.alicdn.com/kf/S293aa84f62dc421d8db430211b598ee8m.jpg,https://ae04.alicdn.com/kf/Sf9c8f0963b924fb7b5a5022e967e77aas.jpg,https://ae04.alicdn.com/kf/S61bcbfe2f4514e059ac22fce28bded68u.jpg,https://ae04.alicdn.com/kf/S4a6e5e3ff8f64459aa27f6d1cf94ae45i.jpg,",https://www.aliexpress.com/item/1005003197721689.html,24.46,11.50,11.50%,,53%,https://s.click.aliexpress.com/e/_A6unIJ
Coats & Jackets,200000796,Autumn Imitated mink Jacket Women Elegant Mom's Plus size 5XL Coat Ladies Casual Slim Solid color Outwear With Pockets Female,1005002546166624,https://ae01.alicdn.com/kf/H9c20d6b68b7342b2a28bd3fc92e27eb0Z/Autumn-Imitated-mink-Jacket-Women-Elegant-Mom-s-Plus-size-5XL-Coat-Ladies-Casual-Slim-Solid.jpg_220x220.jpg,"https://ae04.alicdn.com/kf/H9c20d6b68b7342b2a28bd3fc92e27eb0Z.jpg,https://ae04.alicdn.com/kf/H3f75fae58e8f4c34b74accb0483eb0bfb.jpg,https://ae04.alicdn.com/kf/H3e1a54a9c72e4614b5571a4f5ba61a5cR.jpg,https://ae04.alicdn.com/kf/H3741142dda81487980fc030b8d0749ee2.jpg,https://ae04.alicdn.com/kf/He83618144aae47339f0a4d6b92a0a4ccU.jpg,",https://www.aliexpress.com/item/1005002546166624.html,52.79,27.98,9.00%,,47%,https://s.click.aliexpress.com/e/_Aa28N1
Coats & Jackets,200000796,Long Sleeves Women Jean Blouse Polo Collar Fashion Chic Design Casual Vintage Baggy Blue Button Tops Female Denim Jackets Coat,1005003781552221,https://ae01.alicdn.com/kf/Ha824f1b1fd184275a287e3b49ce4663ez/Long-Sleeves-Women-Jean-Blouse-Polo-Collar-Fashion-Chic-Design-Casual-Vintage-Baggy-Blue-Button-Tops.jpg_220x220.jpg,"https://ae04.alicdn.com/kf/Ha824f1b1fd184275a287e3b49ce4663ez.jpg,https://ae04.alicdn.com/kf/H6a10fa8961fa48ed83d98c0eb9afc0a9s.jpg,https://ae04.alicdn.com/kf/Hda6a783c86c24ddab7c1dcdf849453280.jpg,https://ae04.alicdn.com/kf/Hf9056f27d8bd44cf9d07a19e89da4eb7E.jpg,https://ae04.alicdn.com/kf/Hcde29f4488fd4151ae4aa8d9724b3578v.jpg,",https://www.aliexpress.com/item/1005003781552221.html,320.00,160.00,13.00%,,50%,https://s.click.aliexpress.com/e/_9G9XTv
Coats & Jackets,200000796,Brown Women' Baseball Jackets Plaid Patchwork Korean Fashion Chic Design Blazers Collar Baggy Streetwear Ladies Tops Jacket Coat,1005003788099200,https://ae01.alicdn.com/kf/Ha22bee6460ad49149288cc25a87ddfc4U/Brown-Women-Baseball-Jackets-Plaid-Patchwork-Korean-Fashion-Chic-Design-Blazers-Collar-Baggy-Streetwear-Ladies-Tops.jpg_220x220.jpg,"https://ae04.alicdn.com/kf/Ha22bee6460ad49149288cc25a87ddfc4U.jpg,https://ae04.alicdn.com/kf/Hea3f09c8323d4da7be8fee27d3af5772s.jpg,https://ae04.alicdn.com/kf/H5b3f7376c4fc471aa180e39a734e266cw.jpg,https://ae04.alicdn.com/kf/Hd4247d8f8f6f4ffc94a7906e3fa1a4fa6.jpg,https://ae04.alicdn.com/kf/Hb72854dbe5dc43288447330926b4b334G.jpg,",https://www.aliexpress.com/item/1005003788099200.html,363.00,181.50,13.00%,,50%,https://s.click.aliexpress.com/e/_9xPmDD
Coats & Jackets,200000796,Long Sleeves Women Jean Blouse Polo Collar Fashion Streetwear  Casual Vintage Baggy Blue Button Tops Female Denim Jackets Coat,1005003797636992,https://ae01.alicdn.com/kf/H9e2de83890464981965a17736dc50ecbj/Long-Sleeves-Women-Jean-Blouse-Polo-Collar-Fashion-Streetwear-Casual-Vintage-Baggy-Blue-Button-Tops-Female.jpg_220x220.jpg,"https://ae04.alicdn.com/kf/H9e2de83890464981965a17736dc50ecbj.jpg,https://ae04.alicdn.com/kf/H3251a94adca942cb96c8f66b4d5e6f28G.jpg,https://ae04.alicdn.com/kf/H1ba87ec9a8ae4e278e1cf78e5e792170H.jpg,https://ae04.alicdn.com/kf/Hd5677a1d4aaa49798875087bc4ac1839P.jpg,https://ae04.alicdn.com/kf/Hb7d454ceab494528bf6f621e8e10442ch.jpg,",https://www.aliexpress.com/item/1005003797636992.html,285.00,142.50,13.00%,,50%,https://s.click.aliexpress.com/e/_Acoi8r
Coats & Jackets,200000796,Spring Long Sleeves Women's Jean Blouse Polo Collar Chic Design Casual Vintage Baggy Blue Button Tops Female Denim Jackets Coat,1005003781539097,https://ae01.alicdn.com/kf/Haf28bd4e98aa4f60acc965dd1fc4f6bb0/Spring-Long-Sleeves-Women-s-Jean-Blouse-Polo-Collar-Chic-Design-Casual-Vintage-Baggy-Blue-Button.jpg_220x220.jpg,"https://ae04.alicdn.com/kf/Haf28bd4e98aa4f60acc965dd1fc4f6bb0.jpg,https://ae04.alicdn.com/kf/H4877ac15c6934106a706ae9f92bc3dfeb.jpg,https://ae04.alicdn.com/kf/H9c802a3a4d474e6db2fd7981722703e7L.jpg,https://ae04.alicdn.com/kf/H44018d73dbf74b08ba9ae7e7c2fd952aN.jpg,https://ae04.alicdn.com/kf/Haa95886b8a49471799f8960aca9cf22d1.jpg,",https://www.aliexpress.com/item/1005003781539097.html,320.00,160.00,13.00%,,50%,https://s.click.aliexpress.com/e/_AsTUKb
Coats & Jackets,200000796,Spring Long Sleeves Women Jean Blouse Polo Collar Chic Design Casual Grace Vintage Plaid Baggy Button Tops Female Denim Shirt,1005003776960364,https://ae01.alicdn.com/kf/H90774d79187a42f9974681f517fb4eb0m/Spring-Long-Sleeves-Women-Jean-Blouse-Polo-Collar-Chic-Design-Casual-Grace-Vintage-Plaid-Baggy-Button.jpg_220x220.jpg,"https://ae04.alicdn.com/kf/H90774d79187a42f9974681f517fb4eb0m.jpg,https://ae04.alicdn.com/kf/H222ec2a69b164b0391c14a234d2956277.jpg,https://ae04.alicdn.com/kf/Hc7191d5500b4447b921005f5016a6073j.jpg,https://ae04.alicdn.com/kf/H1a3b83866948471298983dec2dbaf49f5.jpg,https://ae04.alicdn.com/kf/H949a987e34fa4500b347b735f3f9ef34R.jpg,",https://www.aliexpress.com/item/1005003776960364.html,370.00,185.00,13.00%,,50%,https://s.click.aliexpress.com/e/_99yaQ7
Coats & Jackets,200000796,Long Sleeves Women Jean Blouse Polo Collar Fashion Chic Design Casual Vintage Baggy Blue Button Tops Female Denim Jackets Coat,1005003785223099,https://ae01.alicdn.com/kf/Hd1c0c671603744fcafddab18b0a7e99fu/Long-Sleeves-Women-Jean-Blouse-Polo-Collar-Fashion-Chic-Design-Casual-Vintage-Baggy-Blue-Button-Tops.jpg_220x220.jpg,"https://ae04.alicdn.com/kf/Hd1c0c671603744fcafddab18b0a7e99fu.jpg,https://ae04.alicdn.com/kf/H9830f0f1085d4260955f913310f0382dz.jpg,https://ae04.alicdn.com/kf/Hc5e9e87f4b3d4a08813b4cb3bd0d6f4fm.jpg,https://ae04.alicdn.com/kf/H729cff337c034be6abee0ec7254e5acci.jpg,https://ae04.alicdn.com/kf/Hd95dd2e0f16d4ab58ff925c56519653fx.jpg,",https://www.aliexpress.com/item/1005003785223099.html,346.00,173.00,13.00%,,50%,https://s.click.aliexpress.com/e/_AFatpV
Coats & Jackets,200000796,Spring 2022 Womens Dress Long Sleeve Patchwork Chic Design Romantic France Fashion Casual Baggy Office Ladies TOPs Jackets Coat,1005003758292581,https://ae01.alicdn.com/kf/Ha62f281db0f3427ebd9d81270d218524A/Spring-2022-Womens-Dress-Long-Sleeve-Patchwork-Chic-Design-Romantic-France-Fashion-Casual-Baggy-Office-Ladies.jpg_220x220.jpg,"https://ae04.alicdn.com/kf/Ha62f281db0f3427ebd9d81270d218524A.jpg,https://ae04.alicdn.com/kf/H55b238c3b01f4eb18c2e781a7e16e0faM.jpg,https://ae04.alicdn.com/kf/H961557eeecc243068c6010ca94278fe7N.jpg,https://ae04.alicdn.com/kf/Hbdb5efc34f3c45fc8878c33db04f0d7ac.jpg,https://ae04.alicdn.com/kf/H43318154b5a2455d899221dac91411c7h.jpg,",https://www.aliexpress.com/item/1005003758292581.html,443.00,221.50,13.00%,,50%,https://s.click.aliexpress.com/e/_AphzGj
Coats & Jackets,200000796,CHIC VEN Women's Long Trench Coat Single-breasted Casual Belted Waist Women Windbreaker Overcoat Female Clothing Spring 2022,1005003786781533,https://ae01.alicdn.com/kf/S0c62147947ca495488da593fe45a8592r/CHIC-VEN-Women-s-Long-Trench-Coat-Single-breasted-Casual-Belted-Waist-Women-Windbreaker-Overcoat-Female.jpg_220x220.jpg,"https://ae04.alicdn.com/kf/S0c62147947ca495488da593fe45a8592r.jpg,https://ae04.alicdn.com/kf/Sa1aec9bc5e874ec5b6abbd3f372ad75cP.jpg,https://ae04.alicdn.com/kf/S408790a911374606a83b78a21e2307b9C.jpg,https://ae04.alicdn.com/kf/S5bbd0866d58249f897db953730ab1726c.jpg,https://ae04.alicdn.com/kf/S7cbabcfe6133424db4413e6b38a0df3da.jpg,",https://www.aliexpress.com/item/1005003786781533.html,64.86,64.86,20.00%,,0%,https://s.click.aliexpress.com/e/_AF8q9v
Coats & Jackets,200000796,2022 New Spring Autumn Black PU Leather Waistcoat Fashion Women Motorcycle Vest Coat Sleeveless Vests Jacket Large Size 2XL,1005002768888032,https://ae01.alicdn.com/kf/Sd37c32b2547d4b77a0ba4f7438491bd5m/2022-New-Spring-Autumn-Black-PU-Leather-Waistcoat-Fashion-Women-Motorcycle-Vest-Coat-Sleeveless-Vests-Jacket.jpg_220x220.jpg,"https://ae04.alicdn.com/kf/Sd37c32b2547d4b77a0ba4f7438491bd5m.jpg,https://ae04.alicdn.com/kf/S1ddc89c060e746a295aca2d5a3c418faL.jpg,https://ae04.alicdn.com/kf/S79f16aadffe44b0686de10411a381045v.jpg,https://ae04.alicdn.com/kf/Sa48114226a234997be4d3db91034867eJ.jpg,https://ae04.alicdn.com/kf/S3e10956bb0014d98b35fd89ce2e80b81p.jpg,",https://www.aliexpress.com/item/1005002768888032.html,21.49,11.82,10.00%,,45%,https://s.click.aliexpress.com/e/_9AXQMR
Coats & Jackets,200000796,Autumn Fashion Women Tie-dye Print T-shirts New Casual Sexy Short Double Zipper Cardigans Long Sleeve Slim Fit Tops Outwear,1005003806156679,https://ae01.alicdn.com/kf/Heaa42fcf4b544a17956caf13ecc5954cx/Autumn-Fashion-Women-Tie-dye-Print-T-shirts-New-Casual-Sexy-Short-Double-Zipper-Cardigans-Long.png_220x220.png,"https://ae04.alicdn.com/kf/Heaa42fcf4b544a17956caf13ecc5954cx.png,https://ae04.alicdn.com/kf/Hf4a899c3e575470da9f3c81496c7c028U.png,https://ae04.alicdn.com/kf/Ha721cfe25171495382f6fcd0eca23672l.png,https://ae04.alicdn.com/kf/H1831143731444fbda781549a48e7fec22.png,https://ae04.alicdn.com/kf/Hce5abb77c27f4c5e9a0b5793b5b43bebH.png,",https://www.aliexpress.com/item/1005003806156679.html,73.00,53.29,25.00%,,27%,https://s.click.aliexpress.com/e/_A8IqB9
Coats & Jackets,200000796,Korean Fashion Thick Quilted Jackets Women Loose Long Sleeve Warm Hooded Winter Coats Female Elegant Basic Zipper Cotton Jacket,1005002807946806,https://ae01.alicdn.com/kf/H6eaed6efda6848a8a64271ba56fd25e0p/Korean-Fashion-Thick-Quilted-Jackets-Women-Loose-Long-Sleeve-Warm-Hooded-Winter-Coats-Female-Elegant-Basic.png_220x220.png,"https://ae04.alicdn.com/kf/H6eaed6efda6848a8a64271ba56fd25e0p.png,https://ae04.alicdn.com/kf/Hb69962c5cb4b4daeaf363911bb341f35Z.jpg,https://ae04.alicdn.com/kf/H6d5735430bf040d5b577218fe210826cS.jpg,https://ae04.alicdn.com/kf/Hf5e776b9527440dea4ed7cc898a27b27X.jpg,https://ae04.alicdn.com/kf/Hbd3302da586f43c2abb8442c181733f4g.jpg,",https://www.aliexpress.com/item/1005002807946806.html,30.91,22.56,9.00%,,27%,https://s.click.aliexpress.com/e/_9yFFVN
Coats & Jackets,200000796,Casual Loose Baseball Jacket Female Student Retro Sports Spring Splicing Bomber Tops 2021 Street Harajuku Buttons Women Clothes,1005002529982531,https://ae01.alicdn.com/kf/H2fb19a9cd2534d469f3ee33babbc52eej/Casual-Loose-Baseball-Jacket-Female-Student-Retro-Sports-Spring-Splicing-Bomber-Tops-2021-Street-Harajuku-Buttons.jpg_220x220.jpg,"https://ae04.alicdn.com/kf/H2fb19a9cd2534d469f3ee33babbc52eej.jpg,https://ae04.alicdn.com/kf/Hff2c61060e06460f9e39a9bf19fda139I.jpg,https://ae04.alicdn.com/kf/H314daf4e385e4631a04b07c1b2bee309Z.jpg,https://ae04.alicdn.com/kf/H8fa041afe81b4dd6a121b3a2e8bf359fc.jpg,https://ae04.alicdn.com/kf/Hcb834cdcdc2c4537a8af351df928e8437.jpg,",https://www.aliexpress.com/item/1005002529982531.html,38.76,20.54,10.00%,,47%,https://s.click.aliexpress.com/e/_9HtVan
Coats & Jackets,200000796,Autumn Women Blazer Business Jacket Female Double Breasted Blazers Office Lady Jackets with Lining TA1924010,1005001463278775,https://ae01.alicdn.com/kf/H3fb32ce64fd9401689dc5f8a545a4485s/Autumn-Women-Blazer-Business-Jacket-Female-Double-Breasted-Blazers-Office-Lady-Jackets-with-Lining-TA1924010.jpg_220x220.jpg,"https://ae04.alicdn.com/kf/H3fb32ce64fd9401689dc5f8a545a4485s.jpg,https://ae04.alicdn.com/kf/H3ad911d5c4404e9a82894d0ce9c6ac2dQ.jpg,https://ae04.alicdn.com/kf/He568a8293a864508aa9d08d687a23963v.jpg,https://ae04.alicdn.com/kf/H6fe96ba0845444c38fc7a64b32844555D.jpg,https://ae04.alicdn.com/kf/H5e1af8e84035473fb3361ed4cb346deeS.jpg,",https://www.aliexpress.com/item/1005001463278775.html,97.97,78.38,9.00%,,20%,https://s.click.aliexpress.com/e/_AP5Ezp
Coats & Jackets,200000796,SUCHCUTE Women Basic Long Sleeve Leather Jacket 2020 Autumn Streetwear Black Women Cropped Jacket  Gothic Vintage 90s Outfits,1005001553862239,https://ae01.alicdn.com/kf/Hbe1c3136a08d4b738504c041087c29dal/SUCHCUTE-Women-Basic-Long-Sleeve-Leather-Jacket-2020-Autumn-Streetwear-Black-Women-Cropped-Jacket-Gothic-Vintage.jpg_220x220.jpg,"https://ae04.alicdn.com/kf/Hbe1c3136a08d4b738504c041087c29dal.jpg,https://ae04.alicdn.com/kf/Heeb17124154e4f568ca48ab5b46be8caC.jpg,https://ae04.alicdn.com/kf/H5a3183d54e684a02beee24e19afe60a81.jpg,https://ae04.alicdn.com/kf/H9a71a9262fd74a859dc6106321bcee2dg.jpg,https://ae04.alicdn.com/kf/H02f153bf6c584e128537ce617938fe1e7.jpg,",https://www.aliexpress.com/item/1005001553862239.html,26.58,14.09,11.50%,,47%,https://s.click.aliexpress.com/e/_A2Nx3D
Coats & Jackets,200000796,Sold Out Patchwork Letter Embroidery Women Baseball Uniform Casual Button Coat Autumn 2021 Streetwear Daily Loose Style Jacket,1005003367064931,https://ae01.alicdn.com/kf/Hcb81bbfccf4f4f2786792241c2c633d1Q/Sold-Out-Patchwork-Letter-Embroidery-Women-Baseball-Uniform-Casual-Button-Coat-Autumn-2021-Streetwear-Daily-Loose.jpg_220x220.jpg,"https://ae04.alicdn.com/kf/Hcb81bbfccf4f4f2786792241c2c633d1Q.jpg,https://ae04.alicdn.com/kf/H8e7a25b7f3c743d8a8d05206e59ae084m.jpg,https://ae04.alicdn.com/kf/H78ff698384fd41f4a1e0a24b17fb06c4I.jpg,https://ae04.alicdn.com/kf/H08ace76cfac3483aab8c4482dcb3c2cbY.jpg,https://ae04.alicdn.com/kf/H8332562d36f84a1682a3139c97ec3309v.jpg,",https://www.aliexpress.com/item/1005003367064931.html,41.57,25.77,9.00%,,38%,https://s.click.aliexpress.com/e/_AWefSP
Coats & Jackets,200000796,Cartoon Bear Lamb Wool Women's Hooded Jacket Casual Oversized Tops Winter Clothes Woman Jackets Cute Korean Coats,1005003803182650,https://ae01.alicdn.com/kf/Hd9896b388fa64439a4700430bb767c7fg/Cartoon-Bear-Lamb-Wool-Women-s-Hooded-Jacket-Casual-Oversized-Tops-Winter-Clothes-Woman-Jackets-Cute.png_220x220.png,"https://ae04.alicdn.com/kf/Hd9896b388fa64439a4700430bb767c7fg.png,https://ae04.alicdn.com/kf/Hc5ee822285fe4e79849c1406fba3e910r.png,https://ae04.alicdn.com/kf/H55f57d8b3eea4264a44989e11a3ca622w.png,https://ae04.alicdn.com/kf/H65b89fe4f1c143288d809074f8a7dcacw.png,https://ae04.alicdn.com/kf/Hca5ade04eb9b4158aec59de9090e41c7z.png,",https://www.aliexpress.com/item/1005003803182650.html,111.00,81.03,25.00%,,27%,https://s.click.aliexpress.com/e/_AcwgE7
